page,name_en,gi,line
2,"(Bakery School, Herk-de-Stad, Belgium) Belgium 2010*",20,"(Bakery School, Herk-de-Stad, Belgium) Belgium 2010* 20±4 6 Normal, 10 25 54.4 Glucose, 2h Standard Venous,"
2,"2 Carrot cake, prepared with wheat flour and coconut flour Philippines 2002",37,"2 Carrot cake, prepared with wheat flour and coconut flour Philippines 2002 37±2 11 Normal, 10 50 NS Bread, 2h Standard Capillary,"
2,"(Betty Crocker, General Mills Inc., Minneapolis, USA) USA 2000",38,"(Betty Crocker, General Mills Inc., Minneapolis, USA) USA 2000 38±3 11 Normal, 10 50 92.4 Glucose, 2h Standard Capillary,"
2,4 Chocolate mudcake Australia 2009,43,"4 Chocolate mudcake Australia 2009 43±4 13 Normal, 9 50 109.4 Glucose, 2h Standard Capillary,"
2,5 Christmas fruit cake Australia 2009,53,"5 Christmas fruit cake Australia 2009 53±3 16 Normal, 10 50 90.6 Glucose, 2h Standard Capillary,"
2,"Holdings, Tooronga, Australia) Australia 2000",73,"Holdings, Tooronga, Australia) Australia 2000 73±12 22 Normal, 10 50 74.2 Glucose, 2h Standard Capillary,"
2,"Bianco, Barilla, Italy) 6 Italy 2005",47,"Bianco, Barilla, Italy) 6 Italy 2005 47±6 14 Normal, 10 50 100 Glucose, 2h Standard Capillary,"
2,"8 Pound cake 0% (Bimbo S.A de C.V, Mexico) Mexico 2006",38,"8 Pound cake 0% (Bimbo S.A de C.V, Mexico) Mexico 2006 38±5 11 Normal, 12 50 122.2 Glucose, 2h Standard Capillary,"
2,"(Loblaw Brands Limited, Canada) Canada 2007",50,"(Loblaw Brands Limited, Canada) Canada 2007 50±4 15 Normal, 10 50 113.6 Bread, 2h Standard Capillary,"
2,"brioss, Ferrero, Italy) Italy 2014",57,"brioss, Ferrero, Italy) Italy 2014 57±5 17 Normal, 10 25 50 Glucose, 2h Standard Capillary,"
2,"chocolate (Kinder Délice, Italy)6 Italy 2012",58,"chocolate (Kinder Délice, Italy)6 Italy 2012 58±8 17 Normal, 10 50 114.8 Glucose, 2h Standard Capillary,"
2,Italy 2012,56,"Italy 2012 56±6 17 Normal, 10 25 62 Glucose, 2h Standard Capillary,"
2,"(Camille, Mulino Bianco, Barilla, Italy) Italy 2007",51,"(Camille, Mulino Bianco, Barilla, Italy) Italy 2007 51±3 15 Normal, 10 50 70 Glucose, 2h Standard Capillary,"
2,"(Kinder Pan e Cioc Cacao, Kinder, Ferrero, Italy) Italy 2014",61,"(Kinder Pan e Cioc Cacao, Kinder, Ferrero, Italy) Italy 2014 61±3 18 Normal, 10 25 56 Glucose, 2h Standard Capillary,"
3,Italy 2014,66,"Italy 2014 66±8 20 Normal, 10 25 57 Glucose, 2h Standard Capillary,"
3,"with chocolate (Fiesta, Ferrero, Italy) Italy 2012",60,"with chocolate (Fiesta, Ferrero, Italy) Italy 2012 60±6 18 Normal, 10 25 48 Glucose, 2h Standard Capillary,"
3,Italy 2012,66,"Italy 2012 66±3 20 Normal, 10 50 107 Glucose, 2h Standard Capillary,"
3,"with apricot jam (Brioss Albicocca ecereali, Ferrero Italy) 6 Italy 2012",60,"with apricot jam (Brioss Albicocca ecereali, Ferrero Italy) 6 Italy 2012 60±7 18 Normal, 10 50 80 Glucose, 2h Standard Capillary,"
3,"(Betty Crocker, General Mills Inc., Minneapolis, USA) USA 2000",42,"(Betty Crocker, General Mills Inc., Minneapolis, USA) USA 2000 42±4 13 Normal, 10 50 96.8 Glucose, 2h Standard Capillary,"
3,"Shaer AG/SPA, Italy) 8 Italy 2015*",42,"Shaer AG/SPA, Italy) 8 Italy 2015* 42±6 13 Normal, 10 50 102 Glucose, 2h Standard Capillary,"
3,Italy 2015*,67,"Italy 2015* 67±6 20 Normal, 10 50 62 Glucose, 2h Standard Capillary,"
3,"22 Croissant, all butter (Coles Supermarkets Pty Ltd, Australia) Australia 2013",45,"22 Croissant, all butter (Coles Supermarkets Pty Ltd, Australia) Australia 2013 45±6 14 Normal, 10 50 123.2 Glucose, 2h Standard Capillary,"
3,23 Croissant Oman 2020*,67,"23 Croissant Oman 2020* 67±2 20 Normal, 12 50 NS Glucose, 2h Standard Capillary,"
3,"(Loblaw Brands Limited, Canada) Canada 2007",41,"(Loblaw Brands Limited, Canada) Canada 2007 41±3 12 Normal, 10 50 242.6 Bread, 2h Standard Capillary,"
3,2007,31,"2007 31±5 9 Normal, 9 50 184.5 Glucose, 2h Standard Capillary,"
3,2007,50,"2007 50±4 15 Normal, 10 50 114.4 Glucose, 2h Standard Capillary,"
3,"27 Fruit mince pies, shortcrust pastry case filled with dried fruit Australia 20",58,"27 Fruit mince pies, shortcrust pastry case filled with dried fruit Australia 2009 58±6 17 Normal, 11 50 80.9 Glucose, 2h Standard Capillary,"
3,"strawberries, banana and passionfruit pulp Australia 2010",49,"strawberries, banana and passionfruit pulp Australia 2010 49±5 15 Normal, 9 50 193.3 Glucose, 2h Standard Capillary,"
4,29 Gingerbread11 France 2019*,81,"29 Gingerbread11 France 2019* 81±5 24 Normal, 15 50 68.2 Glucose, 2h Standard Capillary,"
4,30 Gingerbread11 France 2019*,88,"30 Gingerbread11 France 2019* 88±5 26 Normal, 15 50 68.2 Glucose, 2h Standard Capillary,"
4,31 Gingerbread11 France 2019*,89,"31 Gingerbread11 France 2019* 89±8 27 Normal, 13 50 68.2 Glucose, 2h Standard Capillary,"
4,2007,49,"2007 49±4 15 Normal, 9 50 119.0 Glucose, 2h Standard Capillary,"
4,"33 Apple, oat, sultana muffin Australia 2000",54,"33 Apple, oat, sultana muffin Australia 2000 54±4 16 Normal, 9 50 92.6 Bread, 2h Standard Capillary,"
4,"34 Apricot, coconut and honey muffin Australia 2000",60,"34 Apricot, coconut and honey muffin Australia 2000 60±4 18 Normal, 9 50 102.4 Bread, 2h Standard Capillary,"
4,"35 Banana, oat and honey muffin Australia 2000",65,"35 Banana, oat and honey muffin Australia 2000 65±11 20 Normal, 10 50 98.3 Bread, 2h Standard Capillary,"
4,2007,50,"2007 50±3 15 Normal, 10 50 96.9 Glucose, 2h Standard Capillary,"
4,"Menu™ (Loblaw Brands Limited, Canada) Canada 2007",57,"Menu™ (Loblaw Brands Limited, Canada) Canada 2007 57±7 17 Normal, 10 50 89.7 Bread, 2h Standard Capillary,"
4,38 Chocolate butterscotch muffin Australia 2001,53,"38 Chocolate butterscotch muffin Australia 2001 53±5 16 Normal, 10 50 89.2 Bread, 2h Standard Capillary,"
4,2007,52,"2007 52±6 16 Normal, 11 50 94.0 Glucose, 2h Standard Capillary,"
4,"Menu™ (Loblaw Brands Limited, Canada) Canada 2007",48,"Menu™ (Loblaw Brands Limited, Canada) Canada 2007 48±6 14 Normal, 10 50 120.7 Bread, 2h Standard Capillary,"
4,41 Cranberry Raisin muffin Australia 2013,43,"41 Cranberry Raisin muffin Australia 2013 43±3 13 Normal, 10 50 140.4 Glucose, 2h Standard Capillary,"
4,2007,46,"2007 46±4 14 Normal, 10 50 89.0 Glucose, 2h Standard Capillary,"
4,"(Loblaw Brands Limited, Canada) Canada 2007",52,"(Loblaw Brands Limited, Canada) Canada 2007 52±3 16 Normal, 10 50 106.1 Bread, 2h Standard Capillary,"
4,"Menu™ (Loblaw Brands Limited, Canada) Canada 2007",58,"Menu™ (Loblaw Brands Limited, Canada) Canada 2007 58±7 17 Normal, 10 50 106.1 Bread, 2h Standard Capillary,"
4,Muffins (mean),53,"Muffins, mean of 13 foods 53"
5,resistant starch and 3% dextrins Spain 2009,39,"resistant starch and 3% dextrins Spain 2009 39±6 12 Normal, 10 50 133 Glucose, 2h Standard Venous, whole"
5,46 Muffin made with oat flour Singapore 2015*,54,"46 Muffin made with oat flour Singapore 2015* 54±5 16 Normal, 12 50 146.8 Glucose, 2h Standard Capillary,"
5,47 Muffin made with barley flour Singapore 2015*,55,"47 Muffin made with barley flour Singapore 2015* 55±5 17 Normal, 12 50 139.7 Glucose, 2h Standard Capillary,"
5,48 Muffin made with corn flour Singapore 2015*,74,"48 Muffin made with corn flour Singapore 2015* 74±5 22 Normal, 12 50 136.9 Glucose, 2h Standard Capillary,"
5,49 Muffin made with wheat flour Singapore 2015*,74,"49 Muffin made with wheat flour Singapore 2015* 74±8 22 Normal, 12 50 126.1 Glucose, 2h Standard Capillary,"
5,50 Muffin made with rice flour Singapore 2015*,79,"50 Muffin made with rice flour Singapore 2015* 79±6 24 Normal, 12 50 119.4 Glucose, 2h Standard Capillary,"
5,"51 Pancakes, prepared with wheat flour and coconut flou r Philippines 2002",46,"51 Pancakes, prepared with wheat flour and coconut flou r Philippines 2002 46±2 14 Normal, 10 50 NS Bread, 2h Standard Capillary,"
5,Australia 2009,61,"Australia 2009 61±7 18 Normal, 10 50 78.9 Glucose, 2h Standard Capillary,"
5,"Glendenning, Australia) Australia 2000",67,"Glendenning, Australia) Australia 2000 67±5 20 Normal, 10 50 69.7 Glucose, 2h Standard Capillary,"
5,"54 Pancakes, millet (100% foxtail millet flour) China 2016*",76,"54 Pancakes, millet (100% foxtail millet flour) China 2016* 76±11 23 Normal, 10 50 121 Glucose, 2h Standard Venous,"
5,"55 Pancakes, prepared from wheat flour China 2005",80,"55 Pancakes, prepared from wheat flour China 2005 80±4 24 Normal, 10 50 NS Glucose, 2h Standard Venous, NS NS 12"
5,"flour (w/w, dry basis) China 2016*",83,"flour (w/w, dry basis) China 2016* 83±10 25 Normal, 10 50 141 Glucose, 2h Standard Venous,"
5,"(Orgran Natural Foods, Carrum Downs, Australia) Australia 2000",102,"(Orgran Natural Foods, Carrum Downs, Australia) Australia 2000 102±11 31 Normal, 10 50 69.4 Glucose, 2h Standard Capillary,"
5,2007,61,"2007 61±6 18 Normal, 10 50 187.3 Glucose, 2h Standard Capillary,"
5,"59 Brownies, containing wheat flour and coconut flour Philippines 2002",43,"59 Brownies, containing wheat flour and coconut flour Philippines 2002 43±4 13 Normal, 10 50 NS Bread, 2h Standard Capillary,"
6,"60 Cinnamon bread, prepared with wheat flour and coconut flour Philippines 2002",45,"60 Cinnamon bread, prepared with wheat flour and coconut flour Philippines 2002 45±3 14 Normal, 10 50 NS Bread, 2h Standard Capillary,"
6,61 Doughnut Oman 2020*,75,"61 Doughnut Oman 2020* 75±3 23 Normal, 12 50 NS Glucose, 2h Standard Capillary,"
6,"Bakeries, Chatswood, Australia) Australia 2012",59,"Bakeries, Chatswood, Australia) Australia 2012 59±7 18 Normal, 10 50 89.8 Glucose, 2h Standard Capillary,"
6,"63 Hot cross buns, spiced sweet bun with dried fruit Australia 2012",66,"63 Hot cross buns, spiced sweet bun with dried fruit Australia 2012 66±6 20 Normal, 9 50 112.8 Glucose, 2h Standard Capillary,"
6,coconut flour Philippines 2002,62,"coconut flour Philippines 2002 62±4 19 Normal, 10 50 NS Bread, 2h Standard Capillary,"
6,"65 Pastry, puff (Pampas™, Australia) Australia 2006",56,"65 Pastry, puff (Pampas™, Australia) Australia 2006 56±5 17 Normal, 10 50 127.2 Glucose, 2h Standard Capillary,"
6,"66 Pastry, puff, with wheat flour and sugar (Nastrine, Italy) 6 Italy 2005",47,"66 Pastry, puff, with wheat flour and sugar (Nastrine, Italy) 6 Italy 2005 47±6 14 Normal, 9 50 102 Glucose, 2h Standard Capillary,"
6,Australia 2000,85,"Australia 2000 85±14 26 Normal, 10 50 144.5 Glucose, 2h Standard Capillary,"
6,"Orograin Bakeries Manufacturing Inc, PA, USA) USA 2015",52,"Orograin Bakeries Manufacturing Inc, PA, USA) USA 2015 52±4 16 Normal, 10 50 104.2 Glucose, 2h Standard Capillary,"
6,Australia) Australia 2000,92,"Australia) Australia 2000 92±8 28 Normal, 10 50 105.3 Glucose, 2h Standard Capillary,"
6,"70 Sweet bread, with chocolate chips (Pangoccioli, Italy)6 Italy 2009",50,"70 Sweet bread, with chocolate chips (Pangoccioli, Italy)6 Italy 2009 50±5 15 Normal, 10 50 81.4 Glucose, 2h Standard Capillary,"
6,"all'albicocca, Italy)6 Italy 2005",44,"all'albicocca, Italy)6 Italy 2005 44±4 13 Normal, 9 50 77.5 Glucose, 2h Standard Capillary,"
6,"Ltd, Finland) Finland 2012*",119,"Ltd, Finland) Finland 2012* 119±10 12 Normal, 10 25 510 Glucose, 2h Standard Capillary,"
6,Republic 2016*,89,"Republic 2016* 89±2 9 Normal, 10 25 554.3 Glucose, 2h Standard Capillary,"
7,"Sinebrychoff Ltd, Finland) Finland 2012*",80,"Sinebrychoff Ltd, Finland) Finland 2012* 80±6 8 Normal, 10 25 640 Glucose, 2h Standard Capillary,"
7,"75 Coca Cola®, soft drink (Coca Cola Amatil, Sydney, Australia) Australia 2006",53,"75 Coca Cola®, soft drink (Coca Cola Amatil, Sydney, Australia) Australia 2006 53±7 13 Normal, 10 50 480.8 Bread, 2h Standard Capillary,"
7,"76 Coca Cola®, soft drink Italy 2011",73,"76 Coca Cola®, soft drink Italy 2011 73±7 18 Normal, 9 50 472 Glucose, 2h Standard Capillary,"
7,Finland) Finland 2011,72,"Finland) Finland 2011 72±7 18 Normal, 12 50 450 Glucose, 2h Standard Capillary,"
7,"Pty Ltd, Australia) Australia 2017",65,"Pty Ltd, Australia) Australia 2017 65±5 16 Normal, 10 25 231.5 Glucose, 2h Standard Capillary,"
7,"Schweppes, Sydney, Australia) Australia 2006",54,"Schweppes, Sydney, Australia) Australia 2006 54±5 14 Normal, 10 50 454.5 Glucose, 2h Standard Capillary,"
7,"Schweppes, Australia) Australia 2001",58,"Schweppes, Australia) Australia 2001 58±5 15 Normal, 10 25 190.8 Glucose, 2h Standard Capillary,"
7,"Company, Australia) Australia 2011",64,"Company, Australia) Australia 2011 64±3 16 Normal, 10 50 495.0 Glucose, 2h Standard Capillary,"
7,"mL water (GlaxoSmithKline Group, Australia) Australia 2006",52,"mL water (GlaxoSmithKline Group, Australia) Australia 2006 52±5 13 Normal, 10 50 63.1 Glucose, 2h Standard Capillary,"
7,"83 Fruit drink, decreased GI variant (containing 8% isomaltose) Belgium 2010*",48,"83 Fruit drink, decreased GI variant (containing 8% isomaltose) Belgium 2010* 48±8 12 Normal, 10 25 306 Glucose, 2h Standard Venous,"
7,"84 Fruit drink, increased GI variant (containing 8% suc rose) Belgium 2010*",86,"84 Fruit drink, increased GI variant (containing 8% suc rose) Belgium 2010* 86±14 22 Normal, 10 25 306 Glucose, 2h Standard Venous,"
7,85 Fruit flavored beverage Australia 2014*,67,"85 Fruit flavored beverage Australia 2014* 67±5 17 Normal 10 50 769 Glucose, 2h Standard Capillary,"
7,Australia 2014*,58,"Australia 2014* 58±3 15 Normal 10 50 820 Glucose, 2h Standard Capillary,"
7,"Corporation (S) Private Ltd, Singapore) Singapore 2015*",50,"Corporation (S) Private Ltd, Singapore) Singapore 2015* 50±5 13 Normal, 13 50 833.3 Glucose, 2h Standard Capillary,"
7,Italy) Italy 2011,66,"Italy) Italy 2011 66±5 17 Normal, 9 50 575 Glucose, 2h Standard Capillary,"
8,"(F&N Foods Private Ltd, Singapore) Singapore 2015*",74,"(F&N Foods Private Ltd, Singapore) Singapore 2015* 74±7 19 Normal, 14 50 500 Glucose, 2h Standard Capillary,"
8,"fructose) (Estathè deteinato limone, Ferrero, Italy) Italy 2011",38,"fructose) (Estathè deteinato limone, Ferrero, Italy) Italy 2011 38±3 10 Normal, 9 50 575 Glucose, 2h Standard Capillary,"
8,"Ferrero, Italy) Italy 2011",72,"Ferrero, Italy) Italy 2011 72±6 18 Normal, 9 50 442 Glucose, 2h Standard Capillary,"
8,Italy) Italy 2011,71,"Italy) Italy 2011 71±7 18 Normal, 9 50 455 Glucose, 2h Standard Capillary,"
8,"Menu™ (Loblaw Brands Limited, Canada) Canada 2007",44,"Menu™ (Loblaw Brands Limited, Canada) Canada 2007 44±5 11 Normal, 10 50 781.3 Bread, 2h Standard Capillary,"
8,"Company, USA) USA 2002",47,"Company, USA) USA 2002 47±4 12 Normal, 10 50 455.4 Glucose, 2h Standard Capillary,"
8,2007,24,"2007 24±3 6 Normal, 10 50 847.5 Glucose, 2h Standard Capillary,"
8,2007,26,"2007 26±4 7 Normal, 11 50 847.5 Glucose, 2h Standard Capillary,"
8,Australia) Australia 2001,51,"Australia) Australia 2001 51±3 13 Normal, 10 50 69.4 Glucose, 2h Standard Capillary,"
8,"Goulburn Co-Operative Company Limited, Australia) Australia 2012",39,"Goulburn Co-Operative Company Limited, Australia) Australia 2012 39±4 10 Normal, 9 50 468.7 Glucose, 2h Standard Capillary,"
8,"Goulburn Co-Operative Company Limited, Australia) Australia 2012",39,"Goulburn Co-Operative Company Limited, Australia) Australia 2012 39±4 10 Normal, 9 50 449.2 Glucose, 2h Standard Capillary,"
8,(Kellogg’s Australia) Australia 2012,35,"(Kellogg’s Australia) Australia 2012 35±4 9 Normal, 10 50 519.6 Glucose, 2h Standard Capillary,"
8,101 Kellogg‘s® Nutri-Grain Breakfast Fuel (Kellogg’s Australia) Australia 2012,38,"101 Kellogg‘s® Nutri-Grain Breakfast Fuel (Kellogg’s Australia) Australia 2012 38±3 10 Normal, 10 50 514.6 Glucose, 2h Standard Capillary,"
8,"102 Milo™ (Nestlé, Australia) dissolved in water Australia 1999",55,"102 Milo™ (Nestlé, Australia) dissolved in water Australia 1999 55±3 14 Normal, 10 50 73.0 Glucose, 2h Standard Capillary,"
8,"103 Milo™ (Nestlé, Auckland, New Zealand) dissolved in w ater New Zealand 1999",52,"103 Milo™ (Nestlé, Auckland, New Zealand) dissolved in w ater New Zealand 1999 52±5 13 Normal, 10 50 69.4 Glucose, 2h Standard Capillary,"
8,"Group Pty Ltd), prepared with water Australia 2019",32,"Group Pty Ltd), prepared with water Australia 2019 32±4 8 Normal, 10 50 96.2 Glucose, 2h Standard Capillary,"
8,"105 Nesquik™, chocolate (Nestlé, Australia), prepared with water Australia 1998",53,"105 Nesquik™, chocolate (Nestlé, Australia), prepared with water Australia 1998 53±5 13 Normal, 9 50 NS Bread, 2h Standard Capillary,"
9,Australia 1998,64,"Australia 1998 64±6 16 Normal, 9 50 NS Bread, 2h Standard Capillary,"
9,with water Australia 2016,50,"with water Australia 2016 50±4 13 Normal, 10 25 37.6 Glucose, 2h Standard Capillary,"
9,"(Australia Jersey Dairy Group Pty Ltd), prepared with water Australia 2019",32,"(Australia Jersey Dairy Group Pty Ltd), prepared with water Australia 2019 32±4 8 Normal, 10 50 100.5 Glucose, 2h Standard Capillary,"
9,"(Nestlé, Australia) Australia 2001",41,"(Nestlé, Australia) Australia 2001 41±4 10 Normal, 10 50 92.1 Glucose, 2h Standard Capillary,"
9,"Goulburn Co-Operative Company Limited, Australia) Australia 2012",49,"Goulburn Co-Operative Company Limited, Australia) Australia 2012 49±3 12 Normal, 10 50 456.8 Glucose, 2h Standard Capillary,"
9,111 Yakult (Yakult Italia) Italy 2011,51,"111 Yakult (Yakult Italia) Italy 2011 51±4 13 Normal, 10 25 170 Glucose, 2h Standard Capillary,"
9,Taiwan 2010*,58,"Taiwan 2010* 58±0.3 15 Normal, 10 50 NS Bread, 2h Standard Capillary,"
9,"(Yakult, Dandenong, Australia) Australia 2005",36,"(Yakult, Dandenong, Australia) Australia 2005 36±6 9 Normal, 10 50 384.6 Glucose, 2h Standard Capillary,"
9,"Natural Foods, Taren Point, Australia) Australia 2003",92,"Natural Foods, Taren Point, Australia) Australia 2003 92±9 23 Normal, 10 50 390.6 Glucose, 2h Standard Capillary,"
9,"Foods Ltd, Australia) Australia 2005",79,"Foods Ltd, Australia) Australia 2005 79±8 20 Normal, 10 50 531.9 Glucose, 2h Standard Capillary,"
9,"Storie di frutta, Mulino Bianco, Barilla, Italy) Italy 2011",68,"Storie di frutta, Mulino Bianco, Barilla, Italy) Italy 2011 68±5 17 Normal, 9 50 336 Glucose, 2h Standard Capillary,"
9,"117 Smoothie, banana Australia 2003",30,"117 Smoothie, banana Australia 2003 30±4 8 Normal, 10 50 505.1 Glucose, 2h Standard Capillary,"
9,Australia 2014,28,"Australia 2014 28±3 7 Normal, 10 50 517.5 Glucose, 2h Standard Capillary,"
9,"Soup Company, Camden, USA) USA 2002",44,"Soup Company, Camden, USA) USA 2002 44±3 11 Normal, 10 50 473.0 Glucose, 2h Standard Capillary,"
9,"120 Smoothie, mango Australia 2003",32,"120 Smoothie, mango Australia 2003 32±4 8 Normal, 10 50 476.2 Glucose, 2h Standard Capillary,"
9,"121 Smoothie, mango and passionfruit (Innocent Ltd., UK) UK 2019*",36,"121 Smoothie, mango and passionfruit (Innocent Ltd., UK) UK 2019* 36±5 9 Normal, 10 25 235.8 Glucose, 2h Standard Capillary,"
10,"122 Smoothie, raspberry (Con Agra Inc, Omaha, USA) USA 1999",33,"122 Smoothie, raspberry (Con Agra Inc, Omaha, USA) USA 1999 33±9 8 Normal, 10 25 177.3 Bread, 2h Standard Capillary,"
10,"123 Smoothie, strawberry and banana (Innocent Ltd., UK) UK 2019*",39,"123 Smoothie, strawberry and banana (Innocent Ltd., UK) UK 2019* 39±4 10 Normal, 10 25 213.7 Glucose, 2h Standard Capillary,"
10,"Operative Company Limited, Australia) Australia 2014",31,"Operative Company Limited, Australia) Australia 2014 31±4 8 Normal, 10 50 588.1 Glucose, 2h Standard Capillary,"
10,"breakfast (Sanitarium Health Foods, Australia) Australia 2001",43,"breakfast (Sanitarium Health Foods, Australia) Australia 2001 43±5 11 Normal, 10 25 NS Glucose, 2h Standard Capillary,"
10,USA 2004,33,"USA 2004 33±4 8 Normal, 10 25 47.1 Glucose, 2h Standard Capillary,"
10,"Health Foods, Australia) Australia 2008",46,"Health Foods, Australia) Australia 2008 46±3 12 Normal, 10 50 595.2 Glucose, 2h Standard Capillary,"
10,"with fructose (So Natural Foods, Australia) Australia 2001",39,"with fructose (So Natural Foods, Australia) Australia 2001 39±2 10 Normal, 10 25 438.6 Glucose, 2h Standard Capillary,"
10,"breakfast (Sanitarium Health Foods, Australia) Australia 2001",46,"breakfast (Sanitarium Health Foods, Australia) Australia 2001 46±5 12 Normal, 10 25 NS Glucose, 2h Standard Capillary,"
10,Australia) Australia 2000,30,"Australia) Australia 2000 30±3 8 Normal, 10 25 342.5 Glucose, 2h Standard Capillary,"
10,"Foods, Australia) Australia 2000",34,"Foods, Australia) Australia 2000 34±3 9 Normal, 10 25 294.1 Glucose, 2h Standard Capillary,"
10,2007,40,"2007 40±5 10 Normal, 10 50 446.4 Bread, 2h Standard Capillary,"
10,2007,15,"2007 15±4 4 Normal, 10 25 694.4 Bread, 2h Standard Capillary,"
10,2007,28,"2007 28±3 7 Normal, 10 50 781.3 Bread, 2h Standard Capillary,"
10,USA 2017*,67,"USA 2017* 67±6 17 Normal, 10 50 NS Glucose, 2h Standard Capillary,"
10,prepared with water Australia 2019,36,"prepared with water Australia 2019 36±3 9 Normal, 10 50 76.6 Glucose, 2h Standard Capillary,"
11,prepared with water Australia 2019,37,"prepared with water Australia 2019 37±3 9 Normal, 9 50 75.5 Glucose, 2h Standard Capillary,"
11,2007,11,"2007 11±2 3 Normal, 10 50 357.1 Glucose, 2h Standard Capillary,"
11,"Foods, Australia) Australia 2006",16,"Foods, Australia) Australia 2006 16±4 4 Normal, 10 25 843.3 Glucose, 2h Standard Capillary,"
11,Australia) Australia 2015,42,"Australia) Australia 2015 42±3 11 Normal, 10 50 561.1 Glucose, 2h Standard Capillary,"
11,"organic brown rice (Pure Harvest Coco Quench, Australia) Australia 2020",68,"organic brown rice (Pure Harvest Coco Quench, Australia) Australia 2020 68±6 17 Normal, 10 50 641.0 Glucose, 2h Standard Capillary,"
11,"142 Coconut Water, water of green coconut, Nudie™ Australia 2012",55,"142 Coconut Water, water of green coconut, Nudie™ Australia 2012 55±3 14 Normal, 9 25 500.0 Glucose, 2h Standard Capillary,"
11,"Ltd, New Zealand), powder prepared with water New Zealand 2019",25,"Ltd, New Zealand), powder prepared with water New Zealand 2019 25±2 6 Normal, 10 50 87.7 Glucose, 2h Standard Capillary,"
11,Australia) Australia 2009,69,"Australia) Australia 2009 69±6 17 Normal, 9 50 571.4 Glucose, 2h Standard Capillary,"
11,"145 English Muffin™ bread (Natural Ovens, USA) USA 1999",77,"145 English Muffin™ bread (Natural Ovens, USA) USA 1999 77±7 12 Normal, 10 50 141.6 Bread, 2h Standard Capillary,"
11,"Blue Menu™ (Loblaw Brands Limited, Canada) Canada 2007",45,"Blue Menu™ (Loblaw Brands Limited, Canada) Canada 2007 45±3 7 Normal, 10 50 142.5 Bread, 2h Standard Capillary,"
11,New Zealand 2009*,57,"New Zealand 2009* 57±5 9 Normal, 20 50 NS Glucose, 2h Standard Capillary,"
11,"New Zealand), tested after a high -CHO evening meal13 New Zealand 2010*",68,"New Zealand), tested after a high -CHO evening meal13 New Zealand 2010* 68±4 10 Normal, 20 50 NS Glucose, 2h Standard Capillary,"
11,"New Zealand), tested after a high -fat evening meal13 New Zealand 2010*",59,"New Zealand), tested after a high -fat evening meal13 New Zealand 2010* 59±4 9 Normal, 20 50 NS Glucose, 2h Standard Capillary,"
11,"150 Fruit loaf, Bürgen® (Tip Top Bakeries, Chatswood, Australia) Australia 1997",44,"150 Fruit loaf, Bürgen® (Tip Top Bakeries, Chatswood, Australia) Australia 1997 44±5 7 Normal, 10 50 NS Bread, 2h Standard Capillary,"
12,2007,53,"2007 53±4 8 Normal, 10 50 132.6 Glucose, 2h Standard Capillary,"
12,"152 Fruit and cinnamon bread (Finest, UK) UK 2005",71,"152 Fruit and cinnamon bread (Finest, UK) UK 2005 71±11 11 Normal, 10 50 94.9 Glucose, 2h Standard Capillary,"
12,"Moorebank, Australia) Australia 2003",54,"Moorebank, Australia) Australia 2003 54±6 8 Normal, 10 50 95.1 Glucose, 2h Standard Capillary,"
12,"154 Fruit loaf, sliced UK 2005",57,"154 Fruit loaf, sliced UK 2005 57±6 9 Normal, 10 50 91.9 Glucose, 2h Standard Capillary,"
12,"Manitowoc, USA) USA 1999",63,"Manitowoc, USA) USA 1999 63±5 9 Normal, 10 50 133.3 Bread, 2h Standard Capillary,"
12,USA 1999,54,"USA 1999 54±6 8 Normal, 10 50 122.9 Bread, 2h Standard Capillary,"
12,"157 Raisin Toast, TipTop™ (Tip Top Bakeries, Australia) Australia 2016",53,"157 Raisin Toast, TipTop™ (Tip Top Bakeries, Australia) Australia 2016 53±3 8 Normal, 10 50 94.5 Glucose, 2h Standard Capillary,"
12,158 Whole-wheat bread with dried fruit China 2005,47,"158 Whole-wheat bread with dried fruit China 2005 47±2 7 Normal, 10 50 NS Glucose, 2h Standard Venous, NS NS 12"
12,Fruit bread (mean),57,"Fruit bread, mean of 12 foods 57"
12,"Dandenong, Australia) Australia 2000",79,"Dandenong, Australia) Australia 2000 79±13 12 Normal, 10 50 131.9 Glucose, 2h Standard Capillary,"
12,"160 White bread, gluten free (Country Life Bakery, Australia) Australia 2006",40,"160 White bread, gluten free (Country Life Bakery, Australia) Australia 2006 40±5 6 Normal, 10 50 183.2 Glucose, 2h Standard Capillary,"
12,Italy)8 Italy 2015*,61,"Italy)8 Italy 2015* 61±6 9 Normal, 10 50 124 Glucose, 2h Standard Capillary,"
12,"162 White roll bread, gluten free (Dr Schär AG/SPA, Ital y)8 Italy 2015*",63,"162 White roll bread, gluten free (Dr Schär AG/SPA, Ital y)8 Italy 2015* 63±8 9 Normal, 10 50 112 Glucose, 2h Standard Capillary,"
12,"AG/SPA, Italy)8 Italy 2015*",52,"AG/SPA, Italy)8 Italy 2015* 52±7 8 Normal, 10 50 132 Glucose, 2h Standard Capillary,"
12,Canada 2007,62,"Canada 2007 62±6 9 Normal, 10 50 127.4 Bread, 2h Standard Capillary,"
12,"165 HermanBurger Protein Bun (Herman Brot Pty Ltd, Australia ) Australia 2018",31,"165 HermanBurger Protein Bun (Herman Brot Pty Ltd, Australia ) Australia 2018 31±4 5 Normal, 10 25 219.3 Glucose, 2h Standard Capillary,"
13,Canada 2007,62,"Canada 2007 62±6 9 Normal, 10 50 125.0 Bread, 2h Standard Capillary,"
13,"Chatswood, Australia) Australia 2008",52,"Chatswood, Australia) Australia 2008 52±4 8 Normal, 14 50 165.6 Glucose, 2h Standard Capillary,"
13,"(5.4%) (Mulino Bianco, Barilla, Italy) Italy 2009",62,"(5.4%) (Mulino Bianco, Barilla, Italy) Italy 2009 62±11 9 Normal, 9 50 98 Glucose, 2h Standard Capillary,"
13,"Barilla, Italy) Italy 2009",65,"Barilla, Italy) Italy 2009 65±9 10 Normal, 9 50 99 Glucose, 2h Standard Capillary,"
13,Australia 2007,68,"Australia 2007 68±9 10 Normal, 10 50 120.4 Glucose, 2h Standard Capillary,"
13,USA 2000,55,"USA 2000 55±6 8 Normal, 10 50 130.9 Glucose, 2h Standard Capillary,"
13,USA 2000,62,"USA 2000 62±6 9 Normal, 10 50 140.8 Glucose, 2h Standard Capillary,"
13,"173 Kibbled Konini bread (Country Fare, New Zealand) New Zealand 2000",68,"173 Kibbled Konini bread (Country Fare, New Zealand) New Zealand 2000 68±12 10 Normal, 14 50 NS Glucose, 2h Standard Venous, plasma Enzymatic 27"
13,Australia 2008,65,"Australia 2008 65±5 10 Normal, 9 50 121.1 Glucose, 2h Standard Capillary,"
13,175 Linola seed bread China 2010*,90,"175 Linola seed bread China 2010* 90±11 14 Normal, 10 50 116.8 Glucose, 2h Standard Capillary,"
13,Australia) Australia 1997,34,"Australia) Australia 1997 34±4 5 Normal,"
13,Australia) Australia 2007,52,"Australia) Australia 2007 52±4 8 Normal, 12 50 NS Glucose, 2h Standard Capillary,"
13,New Zealand 2000,75,"New Zealand 2000 75±10 11 Normal, 15 50 NS Glucose, 2h Standard Venous, plasma Enzymatic 27"
13,179 Multigrain batch bread UK 2005,62,"179 Multigrain batch bread UK 2005 62±8 9 Normal, 10 50 104.8 Glucose, 2h Standard Capillary,"
13,"Alam, Selangor, Malaysia) Malaysia 2009*",56,"Alam, Selangor, Malaysia) Malaysia 2009* 56±6 8 Normal, 11 25 57.9 Glucose, 2h Standard Capillary,"
13,"181 Multi-Grain bread, 9-Grain (Tip Top Bakeries, Australia) Australia 1997",43,"181 Multi-Grain bread, 9-Grain (Tip Top Bakeries, Australia) Australia 1997 43±5 6 Normal,"
13,"182 Multigrain loaf, containing wheat flour and coconut flour Philippines 2002",60,"182 Multigrain loaf, containing wheat flour and coconut flour Philippines 2002 60±5 9 Normal, 10 50 NS Bread, 2h Standard Capillary,"
14,183 Multiseed bread UK 2006,54,"183 Multiseed bread UK 2006 54±4 8 Normal, 10 50 119.6 Glucose, 2h Standard Capillary,"
14,Australia 2002,49,"Australia 2002 49±4 7 Normal, 10 50 149.7 Bread, 2h Standard Capillary,"
14,Australia 2004,53,"Australia 2004 53±7 8 Normal, 10 50 120.8 Glucose, 2h Standard Capillary,"
14,Australia 2007,49,"Australia 2007 49±4 7 Normal, 10 50 184.5 Glucose, 2h Standard Capillary,"
14,187 Seeded bread UK 2006,49,"187 Seeded bread UK 2006 49±7 7 Normal, 10 50 130.9 Glucose, 2h Standard Capillary,"
14,"(Tip Top Bakeries, Australia) Australia 1997",36,"(Tip Top Bakeries, Australia) Australia 1997 36±4 5 Normal,"
14,"maker) (Con Agra Inc., USA) USA 1999",50,"maker) (Con Agra Inc., USA) USA 1999 50±6 8 Normal, 10 50 165.0 Bread, 2h Standard Capillary,"
14,"190 Soy & Linseed bread (Coles Supermarkets Pty Ltd, Austral ia) Australia 2015",56,"190 Soy & Linseed bread (Coles Supermarkets Pty Ltd, Austral ia) Australia 2015 56±7 8 Normal, 10 50 130.5 Glucose, 2h Standard Capillary,"
14,"Bread, Toronto, Canada) Canada 2007",55,"Bread, Toronto, Canada) Canada 2007 55±6 8 Normal, 10 50 150.6 Bread, 2h Standard Capillary,"
14,"192 Whole grain bread, Hunger Filler™ (Natural Ovens, USA) USA 1999",59,"192 Whole grain bread, Hunger Filler™ (Natural Ovens, USA) USA 1999 59±8 9 Normal, 10 50 154.3 Bread, 2h Standard Capillary,"
14,"193 Whole grain bread, Nutty Natural™ (Natural Ovens, US A) USA 1999",59,"193 Whole grain bread, Nutty Natural™ (Natural Ovens, US A) USA 1999 59±7 9 Normal, 10 50 154.8 Bread, 2h Standard Capillary,"
14,"194 Whole grain bread, Stay Trim™ (Natural Ovens, USA) USA 1999",70,"194 Whole grain bread, Stay Trim™ (Natural Ovens, USA) USA 1999 70±10 11 Normal, 10 50 172.4 Bread, 2h Standard Capillary,"
14,"Delight Holdings, Australia) Australia 2005",53,"Delight Holdings, Australia) Australia 2005 53±9 8 Normal, 10 50 126.6 Glucose, 2h Standard Capillary,"
14,Australia) Australia 2007,39,"Australia) Australia 2007 39±8 6 Normal, 10 50 194.6 Glucose, 2h Standard Capillary,"
14,Mixed grain or seed bread (mean),56,"Mixed grain or seed bread, mean of 27 foods 56"
14,"197 Lower Carb Bread (Herman Brot Pty Ltd, Australia) Australia 2013",24,"197 Lower Carb Bread (Herman Brot Pty Ltd, Australia) Australia 2013 24±3 4 Normal, 10 25 337.8 Glucose, 2h Standard Capillary,"
14,Australia 2018,53,"Australia 2018 53±5 8 Normal, 10 50 172.4 Glucose, 2h Standard Capillary,"
15,Australia 2018,51,"Australia 2018 51±4 8 Normal, 10 50 176.0 Glucose, 2h Standard Capillary,"
15,"Bakers, Sydney, Australia) Australia 2018",51,"Bakers, Sydney, Australia) Australia 2018 51±5 8 Normal, 10 50 173.6 Glucose, 2h Standard Capillary,"
15,New Zealand 2010*,77,"New Zealand 2010* 77±6 12 Normal, 10 50 111 Glucose, 2h Standard Capillary,"
15,"Berhad, Shah Alam, Selangor, Malaysia) Malaysia 2009*",67,"Berhad, Shah Alam, Selangor, Malaysia) Malaysia 2009* 67±7 10 Normal, 12 25 56.3 Glucose, 2h Standard Capillary,"
15,Norway 2019*,64,"Norway 2019* 64±5 10 Normal, 14 25 96.4 Glucose, 2h Standard Capillary,"
15,"+ 50% wheat, separate proving of wheat dough part) Norway 2019*",57,"+ 50% wheat, separate proving of wheat dough part) Norway 2019* 57±4 9 Normal, 14 25 97 Glucose, 2h Standard Capillary,"
15,"75% wheat, separate proving of wheat dough part) Norway 2019*",65,"75% wheat, separate proving of wheat dough part) Norway 2019* 65±4 10 Normal, 14 25 68.6 Glucose, 2h Standard Capillary,"
15,206 Oatmeal batch bread UK 2005,62,"206 Oatmeal batch bread UK 2005 62±8 9 Normal, 10 50 99.8 Glucose, 2h Standard Capillary,"
15,"207 Soft pretzel, soy11 USA 2011*",39,"207 Soft pretzel, soy11 USA 2011* 39±6 6 Normal, 12 50 72.9 Glucose, 2h Standard Venous, whole"
15,"208 Soft pretzel, wheat11 USA 2011*",66,"208 Soft pretzel, wheat11 USA 2011* 66±4 10 Normal, 12 50 62 Glucose, 2h Standard Venous, whole"
15,"209 Soft pretzel (Ditsch, Mainz, Germany) Germany 2014",80,"209 Soft pretzel (Ditsch, Mainz, Germany) Germany 2014 80±6 12 Normal, 11 50 100.2 Glucose, 2h Standard Capillary,"
15,"Bakery, Australia) Australia 1996",61,"Bakery, Australia) Australia 1996 61±9 9 Normal, 12 50 111.1 Bread, 2h Standard Capillary,"
15,"Ingleburn, Australia) Australia 1996",72,"Ingleburn, Australia) Australia 1996 72±9 11 Normal, 12 50 140.0 Bread, 2h Standard Capillary,"
16,New Zealand 2010*,76,"New Zealand 2010* 76±15 11 Normal, 10 50 131 Glucose, 2h Standard Capillary,"
16,New Zealand 2010*,82,"New Zealand 2010* 82±11 12 Normal, 10 50 119 Glucose, 2h Standard Capillary,"
16,"214 Rye, Bürgen™ (Tip Top Bakeries, Australia) Australia 2002",51,"214 Rye, Bürgen™ (Tip Top Bakeries, Australia) Australia 2002 51±3 8 Normal, 10 50 155.8 Glucose, 2h Standard Capillary,"
16,2007,53,"2007 53±4 8 Normal, 12 50 NS Glucose, 2h Standard Capillary,"
16,"216 Pumpernickel Rye bread (Van der Meulen BV, Netherlands) Netherlands 2015",49,"216 Pumpernickel Rye bread (Van der Meulen BV, Netherlands) Netherlands 2015 49±4 7 Normal, 10 50 135.9 Glucose, 2h Standard Capillary,"
16,2007,55,"2007 55±4 8 Normal, 13 50 NS Glucose, 2h Standard Capillary,"
16,"Dortmund, Germany) Germany 2014",62,"Dortmund, Germany) Germany 2014 62±4 9 Normal, 11 50 119 Glucose, 2h Standard Capillary,"
16,219 Sourdough rye bread Australia 2004,48,"219 Sourdough rye bread Australia 2004 48±5 7 Normal, 10 50 116.7 Glucose, 2h Standard Capillary,"
16,spelt flour and intact barley kernels and white bean kernels 11 Sweden 2020*,67,"spelt flour and intact barley kernels and white bean kernels 11 Sweden 2020* 67±5 10 Normal, 12 50 143 Glucose, 2h Standard Capillary,"
16,spelt flour with intact barley kernels and mung bean kernels11 Sweden 2020*,65,"spelt flour with intact barley kernels and mung bean kernels11 Sweden 2020* 65±4 10 Normal, 12 50 146 Glucose, 2h Standard Capillary,"
16,222 Sprouted rye bread Australia 2008,61,"222 Sprouted rye bread Australia 2008 61±5 9 Normal, 10 50 145.3 Glucose, 2h Standard Capillary,"
16,"30% wheat flour, and baker’s yeast 13 New Zealand 2010*",60,"30% wheat flour, and baker’s yeast 13 New Zealand 2010* 60±3 9 Normal, 10 50 154 Glucose, 2h Standard Capillary,"
16,"(Kraftkerni, Lieken Urkorn, Dortmund, Germany) Germany 2014",55,"(Kraftkerni, Lieken Urkorn, Dortmund, Germany) Germany 2014 55±4 8 Normal, 12 50 151.5 Glucose, 2h Standard Capillary,"
16,Rye breads (mean),60,"Rye breads, mean of 13 foods 60"
16,Australia 2008,77,"Australia 2008 77±3 12 Normal, 10 50 117.7 Glucose, 2h Standard Capillary,"
16,226 Sourdough wheat bread Australia 2003,54,"226 Sourdough wheat bread Australia 2003 54±5 8 Normal, 10 50 107.1 Glucose, 2h Standard Capillary,"
17,New Zealand 2010*,82,"New Zealand 2010* 82±13 12 Normal, 10 50 116 Glucose, 2h Standard Capillary,"
17,New Zealand 2010*,71,"New Zealand 2010* 71±10 11 Normal, 10 50 116 Glucose, 2h Standard Capillary,"
17,"Holdings, Australia) Australia 2005",66,"Holdings, Australia) Australia 2005 66±6 10 Normal, 10 50 96.3 Glucose, 2h Standard Capillary,"
17,"230 Multigrain spelt bread ® (Pav's bakery, Australia) Australia 1996",54,"230 Multigrain spelt bread ® (Pav's bakery, Australia) Australia 1996 54±10 8 Normal, 12 50 122.0 Bread, 2h Standard Capillary,"
17,231 Sprouted Spelt bread Australia 2008,62,"231 Sprouted Spelt bread Australia 2008 62±6 9 Normal, 10 50 124.1 Glucose, 2h Standard Capillary,"
17,232 White spelt wheat bread Belgium 2005,66,"232 White spelt wheat bread Belgium 2005 66±6 10 Normal, 10 50 95 Bread, 2h Standard Capillary,"
17,233 Wholemeal spelt wheat bread (local bakery) Germany 2014,63,"233 Wholemeal spelt wheat bread (local bakery) Germany 2014 63±4 9 Normal, 12 50 136.2 Glucose, 2h Standard Capillary,"
17,"234 Wheat bread, sliced (Pan Bauletto Bianco) 6 Italy 2009",59,"234 Wheat bread, sliced (Pan Bauletto Bianco) 6 Italy 2009 59±7 9 Normal, 10 50 93.7 Glucose, 2h Standard Capillary,"
17,235 White bread UK 2006,59,"235 White bread UK 2006 59±11 9 Normal, 10 50 112.9 Glucose, 2h Standard Capillary,"
17,USA 2011*,60,"USA 2011* 60±6 9 Normal, 12 50 62 Glucose, 2h Standard Venous, whole"
17,"237 White bread (Pepperidge Farm Original White Bread, US A) 11 USA 2016*",62,"237 White bread (Pepperidge Farm Original White Bread, US A) 11 USA 2016* 62±2 9 Normal, 63 50 96.3 Glucose, 2h Standard Venous,"
17,238 White bread11 France 2019*,63,"238 White bread11 France 2019* 63±7 9 Normal, 13 50 63.8 Glucose, 2h Standard Capillary,"
17,239 White bread11 France 2019*,65,"239 White bread11 France 2019* 65±4 10 Normal, 15 50 63.8 Glucose, 2h Standard Capillary,"
18,240 White bread Canada 2009*,66,240 White bread Canada 2009* 66±4 10
18,241 White bread Canada 2009*,68,"241 White bread Canada 2009* 68±3 10 Normal,"
18,242 White bread Canada 2009*,69,"242 White bread Canada 2009* 69±3 10 Normal, 37 50 109 Glucose, 2h Standard Capillary,"
18,Australia 2010,70,"Australia 2010 70±3 11 Normal, 10 50 119 Glucose, 2h Standard Capillary,"
18,Australia 2014,70,"Australia 2014 70±3 11 Normal, 19 50 119.9 Glucose, 2h Standard Capillary,"
18,"245 White bread, Sunblest™ (Tip Top Bakeries, Australia) Australia 1999",70,"245 White bread, Sunblest™ (Tip Top Bakeries, Australia) Australia 1999 70±5 11 Normal, 10 50 105.7 Bread, 2h Standard Capillary,"
18,246 White bread11 Taiwan 2012*,71,"246 White bread11 Taiwan 2012* 71±0.1 11 Normal, 10 50 121.7 Glucose, 2h Standard Capillary,"
18,countries 2001,71,"countries 2001 71±3 11 Normal, 47 50 NS Glucose, 2h Standard Capillary, NS YSI /"
18,"248 White bread (Somerfield Plc, Oxford, UK) UK 2007*",71,"248 White bread (Somerfield Plc, Oxford, UK) UK 2007* 71±5 11 Normal, 15 50 NS Glucose, 2h Standard Capillary,"
18,USA 2006,71,"USA 2006 71±6 11 Normal, 14 50 96 Glucose, 2h Standard Venous, serum Enzymatic 44"
18,Italy) Italy 2010,71,"Italy) Italy 2010 71±6 11 Normal, 10 50 89 Glucose, 2h Standard Capillary,"
18,251 White bread Canada 2009*,72,"251 White bread Canada 2009* 72±3 11 Normal,"
18,252 White bread Canada 2009*,72,"252 White bread Canada 2009* 72±4 11 Normal,"
18,253 White bread Australia 2014*,74,"253 White bread Australia 2014* 74±3 11 Normal 10 50 121 Glucose, 2h Standard Capillary,"
18,254 White bread Canada 2009*,75,"254 White bread Canada 2009* 75±4 11 Normal, 40 50 109 Glucose, 2h Standard Capillary,"
18,"255 White bread (Nishin Shokuhin, Japan)16 Japan 2003",75,"255 White bread (Nishin Shokuhin, Japan)16 Japan 2003 75±10 11 Normal, 10 50 116 Rice17, 2h Standard Capillary,"
18,Republic 2003,75,"Republic 2003 75±10 11 Normal, 11 50 85 Glucose, 2h Standard Capillary,"
19,257 White bread Canada 2009*,76,257 White bread Canada 2009* 76±4 11
19,258 White bread11 France 2019*,76,"258 White bread11 France 2019* 76±6 11 Normal, 15 50 63.8 Glucose, 2h Standard Capillary,"
19,210°C13 Spain 2013,76,"210°C13 Spain 2013 76±8 11 Normal, 22 50 95 Glucose, 2h Standard Venous,"
19,countries 2001,76,"countries 2001 76±13 11 Normal, 21 50 NS Glucose, 2h Standard Venous, NS YSI /"
19,2015,76,"2015 76±14 11 Normal, 50 96.2 Glucose, 2h Standard Capillary,"
19,262 White bread Canada 2009*,78,262 White bread Canada 2009* 78±4 12
19,"Australia), tested by subjects with a high AMY1 copy nu mber Australia 2014",81,"Australia), tested by subjects with a high AMY1 copy nu mber Australia 2014 81±3 12 Normal, 19 50 119.9 Glucose, 2h Standard Capillary,"
19,Selangor) Malaysia 2009*,83,"Selangor) Malaysia 2009* 83±7 12 Normal, 12 25 51.9 Glucose, 2h Standard Capillary,"
19,"265 White bread (Gardenia brand, NTUC Fairprice, Singapo re) Singapore 2015*",83,"265 White bread (Gardenia brand, NTUC Fairprice, Singapo re) Singapore 2015* 83±9 12 Normal, 11 50 91.4 Glucose, 2h Standard Capillary,"
19,266 Wheat bread Norway 2019*,84,"266 Wheat bread Norway 2019* 84±7 13 Normal, 14 25 51 Glucose, 2h Standard Capillary,"
19,267 White bread (lab made) China 2020,87,"267 White bread (lab made) China 2020 87±11 13 Normal, 16 50 65.2 Glucose, 2h Standard Capillary,"
19,268 White bread China 2005,88,"268 White bread China 2005 88±3 13 Normal, 10 50 NS Glucose, 2h Standard Venous, NS NS 12"
19,White wheat flour bread (mean),73,"White wheat flour bread, mean of 35 foods 73"
19,"(Loblaw Brands Limited, Canada) Canada 2007",73,"(Loblaw Brands Limited, Canada) Canada 2007 73±6 11 Normal, 10 50 119.0 Bread, 2h Standard Capillary,"
19,"preparation (Pan Gustavo, Novaterra Zeelandia, Italy) Italy 2014",72,"preparation (Pan Gustavo, Novaterra Zeelandia, Italy) Italy 2014 72±8 11 Normal, 10 25 100 Glucose, 2h Standard Capillary,"
20,Italy 2014,87,"Italy 2014 87±11 13 Normal, 10 25 51 Glucose, 2h Standard Capillary,"
20,Italy 2011,41,"Italy 2011 41±2 6 Normal, 9 25 65 Glucose, 2h Standard Capillary,"
20,"273 Pan Bauletto 5 cereali e soia (Mulino Bianco, Barill a, Italy) Italy 2009",60,"273 Pan Bauletto 5 cereali e soia (Mulino Bianco, Barill a, Italy) Italy 2009 60±9 9 Normal, 9 50 115 Glucose, 2h Standard Capillary,"
20,"Mulino Bianco, Barilla, Italy) Italy 2009",68,"Mulino Bianco, Barilla, Italy) Italy 2009 68±7 10 Normal, 9 50 104 Glucose, 2h Standard Capillary,"
20,"275 White bread, Alfacar 13 Spain 2013",68,"275 White bread, Alfacar 13 Spain 2013 68±8 10 Normal, 22 50 94 Glucose, 2h Standard Venous,"
20,"276 White bread, candeal-flour13 Spain 2013",86,"276 White bread, candeal-flour13 Spain 2013 86±8 13 Normal, 22 50 94 Glucose, 2h Standard Venous,"
20,"Hi Fibre Lo GI (Bakers Delight Holdings, Australia) Australia 2006",52,"Hi Fibre Lo GI (Bakers Delight Holdings, Australia) Australia 2006 52±7 8 Normal, 10 50 98.8 Glucose, 2h Standard Capillary,"
20,"(Tip Top Bakeries, George Weston Ltd, Australia) Australia 2007",58,"(Tip Top Bakeries, George Weston Ltd, Australia) Australia 2007 58±3 9 Normal, 20 50 111.6 Glucose, 2h Standard Capillary,"
20,"Bakeries, George Weston Ltd, Australia) Australia 2007",54,"Bakeries, George Weston Ltd, Australia) Australia 2007 54±4 8 Normal, 11 50 111.6 Glucose, 2h Standard Capillary,"
20,2007,54,"2007 54±3 8 Normal, 10 50 135.1 Glucose, 2h Standard Capillary,"
20,"White 'Low GI' (Quality Bakers, Australia) Australia 2007",59,"White 'Low GI' (Quality Bakers, Australia) Australia 2007 59±3 9 Normal, 20 50 135.1 Glucose, 2h Standard Capillary,"
20,"Active (Quality Bakers, Sydney, Australia) Australia 2019",52,"Active (Quality Bakers, Sydney, Australia) Australia 2019 52±4 8 Normal, 10 50 131.9 Glucose, 2h Standard Capillary,"
20,"283 White bread, toasted (Hovis, UK) UK 2005",50,"283 White bread, toasted (Hovis, UK) UK 2005 50±7 8 Normal, 10 50 101.6 Glucose, 2h Standard Capillary,"
20,"Companies, Kansas City, USA) USA 1999",71,"Companies, Kansas City, USA) USA 1999 71±9 11 Normal, 10 50 111.1 Bread, 2h Standard Capillary,"
20,"Companies, Kansas City, USA) USA 2000",72,"Companies, Kansas City, USA) USA 2000 72±4 11 Normal, 10 50 111.1 Glucose, 2h Standard Capillary,"
21,"Companies, Kansas City, USA) USA 2000",77,"Companies, Kansas City, USA) USA 2000 77±3 12 Normal, 10 50 108 Glucose, 2h Standard Capillary,"
21,"Roberto Industria Alimentare, Italy) Italy 2011",63,"Roberto Industria Alimentare, Italy) Italy 2011 63±4 9 Normal, 10 25 55 Glucose, 2h Standard Capillary,"
21,"Bianco all'olio d'oliva, Coop, Italy) Italy 2011",73,"Bianco all'olio d'oliva, Coop, Italy) Italy 2011 73±7 11 Normal, 10 25 50 Glucose, 2h Standard Capillary,"
21,"Foods Ltd, Australia) Australia 1998",86,"Foods Ltd, Australia) Australia 1998 86±8 13 Normal, 10 50 NS Bread, 2h Standard Capillary,"
21,"Weston Foods Ltd, Australia) Australia 1998",77,"Weston Foods Ltd, Australia) Australia 1998 77±9 12 Normal, 10 50 NS Bread, 2h Standard Capillary,"
21,"Weston Foods Ltd, Australia) Australia 1998",80,"Weston Foods Ltd, Australia) Australia 1998 80±9 12 Normal, 10 50 NS Bread, 2h Standard Capillary,"
21,"(George Weston Foods Ltd, Australia) Australia 1998",79,"(George Weston Foods Ltd, Australia) Australia 1998 79±5 12 Normal, 10 50 NS Bread, 2h Standard Capillary,"
21,"Weston Foods Ltd, Australia) Australia 1998",78,"Weston Foods Ltd, Australia) Australia 1998 78±11 12 Normal, 10 50 NS Bread, 2h Standard Capillary,"
21,Australia 1998,75,"Australia 1998 75±6 11 Normal, 10 50 NS Bread, 2h Standard Capillary,"
21,"Ltd, Australia) Australia 1998",67,"Ltd, Australia) Australia 1998 67±6 10 Normal, 10 50 NS Bread, 2h Standard Capillary,"
21,"(Noble Rise Crunchy Toast, Australia) Australia 1998",80,"(Noble Rise Crunchy Toast, Australia) Australia 1998 80±4 12 Normal, 10 50 NS Bread, 2h Standard Capillary,"
21,"Mulino Bianco, Barilla, Italy) Italy 2009",53,"Mulino Bianco, Barilla, Italy) Italy 2009 53±5 8 Normal, 10 50 120 Glucose, 2h Standard Capillary,"
21,"Auckland, New Zealand) New Zealand 2000",77,"Auckland, New Zealand) New Zealand 2000 77±10 12 Normal, 14 50 NS Glucose, 2h Standard Venous, plasma Enzymatic 27"
21,per 100 g (6.04 g FMC/100 g carbohydrate) Australia 2014*,59,"per 100 g (6.04 g FMC/100 g carbohydrate) Australia 2014* 59±6 9 Normal 10 50 121 Glucose, 2h Standard Capillary,"
22,300 Wheat bread enriched with ß-glucan (6 g per serving) Greece 2020*,48,"300 Wheat bread enriched with ß-glucan (6 g per serving) Greece 2020* 48±10 7 Normal, 10 50 166 Glucose, 2h Standard Venous,"
22,"301 White bread, containing 0.8% Reducose ®, lab made China 2020",42,"301 White bread, containing 0.8% Reducose ®, lab made China 2020 42±4 6 Normal, 10 50 65.2 Glucose, 2h Standard Capillary,"
22,waxy maize starch; 8.8 g/serving) Greece 2020*,40,"waxy maize starch; 8.8 g/serving) Greece 2020* 40±8 6 Normal, 10 50 166 Glucose, 2h Standard Venous,"
22,resistant starch from tapioca) 11 Taiwan 2012*,70,"resistant starch from tapioca) 11 Taiwan 2012* 70±0.1 11 Normal, 10 50 144.5 Glucose, 2h Standard Capillary,"
22,resistant starch from tapioca) 11 Taiwan 2012*,68,"resistant starch from tapioca) 11 Taiwan 2012* 68±0.2 10 Normal, 10 50 204.9 Glucose, 2h Standard Capillary,"
22,resistant starch from tapioca) 11 Taiwan 2012*,51,"resistant starch from tapioca) 11 Taiwan 2012* 51±0.1 8 Normal, 10 50 221.2 Glucose, 2h Standard Capillary,"
22,min proving (low loaf volume) UK 2006,38,"min proving (low loaf volume) UK 2006 38±4 6 Normal, 10 50 NS Glucose, 2h Standard Capillary,"
22,min proving (moderate loaf volume) UK 2006,72,"min proving (moderate loaf volume) UK 2006 72±7 11 Normal, 10 50 NS Glucose, 2h Standard Capillary,"
22,min proving (moderate loaf volume) UK 2006,86,"min proving (moderate loaf volume) UK 2006 86±9 13 Normal, 10 50 NS Glucose, 2h Standard Capillary,"
22,proving and a third 50 min proving (large loaf volume) UK 2006,100,"proving and a third 50 min proving (large loaf volume) UK 2006 100±7 15 Normal, 10 50 NS Glucose, 2h Standard Capillary,"
22,"resting time, 70 min proving time, 11 min baking at 2 10°C) Singapore 2014*",71,"resting time, 70 min proving time, 11 min baking at 2 10°C) Singapore 2014* 71±5 11 Normal, 13 50 102 Glucose, 2h Standard Capillary,"
22,Spain 2013,78,"Spain 2013 78±8 12 Normal, 22 50 100 Glucose, 2h Standard Venous,"
22,Singapore 2014*,65,"Singapore 2014* 65±4 10 Normal, 13 50 120 Glucose, 2h Standard Capillary,"
22,Singapore 2014*,68,"Singapore 2014* 68±5 10 Normal, 13 50 105 Glucose, 2h Standard Capillary,"
23,Singapore 2014*,75,"Singapore 2014* 75±4 11 Normal, 13 50 87 Glucose, 2h Standard Capillary,"
23,2015,59,"2015 59±5 9 Normal, 10 50 126.9 Glucose, 2h Standard Capillary,"
23,316 Wholemeal flour bread China 2005,69,"316 Wholemeal flour bread China 2005 69±3 10 Normal, 10 50 NS Glucose, 2h Standard Venous, NS NS 12"
23,317 Wholemeal flour bread Australia 2012,75,"317 Wholemeal flour bread Australia 2012 75±5 11 Normal, 10 50 125.0 Glucose, 2h Standard Capillary,"
23,New Zealand 2010*,78,"New Zealand 2010* 78±5 12 Normal, 10 50 111 Glucose, 2h Standard Capillary,"
23,New Zealand 2010*,80,"New Zealand 2010* 80±7 12 Normal, 10 50 115 Glucose, 2h Standard Capillary,"
23,"Alam, Selangor, Malaysia) Malaysia 2009*",85,"Alam, Selangor, Malaysia) Malaysia 2009* 85±6 13 Normal, 11 25 80 Glucose, 2h Standard Capillary,"
23,New Zealand 2010*,88,"New Zealand 2010* 88±8 13 Normal, 10 50 119 Glucose, 2h Standard Capillary,"
23,"Bakers, Australia) Australia 1996",64,"Bakers, Australia) Australia 1996 64±10 10 Normal, 12 50 117.1 Bread, 2h Standard Capillary,"
23,Australia 2003,59,"Australia 2003 59±8 9 Normal, 10 50 135.9 Glucose, 2h Standard Capillary,"
23,"Life Bakery, Australia) Australia 1999",38,"Life Bakery, Australia) Australia 1999 38±3 6 Normal, 10 50 NS Bread, 2h Standard Capillary,"
23,"and 40% sourdough), baked at 200°C for 40 min 13 Spain 2013",61,"and 40% sourdough), baked at 200°C for 40 min 13 Spain 2013 61±8 9 Normal, 22 50 134 Glucose, 2h Standard Venous,"
23,"326 Wholemeal bread sticks, crunchy Crete 2006",67,"326 Wholemeal bread sticks, crunchy Crete 2006 67±5 10 Normal, 10 50 84.7 Glucose, 2h Standard Capillary,"
24,"Diego Tortilla Factory Pty Ltd, Andrews, QLD, Australia) Australia 2007",49,"Diego Tortilla Factory Pty Ltd, Andrews, QLD, Australia) Australia 2007 49±6 7 Normal, 9 50 121.1 Glucose, 2h Standard Capillary,"
24,(Mission Foods Australia) Australia 2010,52,"(Mission Foods Australia) Australia 2010 52±4 8 Normal, 9 50 121.1 Glucose, 2h Standard Capillary,"
24,"329 Protein Wraps (Herman Brot Pty Ltd, Australia) Australia 2019",27,"329 Protein Wraps (Herman Brot Pty Ltd, Australia) Australia 2019 27±3 4 Normal, 10 25 176.1 Glucose, 2h Standard Capillary,"
24,"Ltd, Australia) Australia 2015",55,"Ltd, Australia) Australia 2015 55±6 8 Normal, 10 50 105.3 Glucose, 2h Standard Capillary,"
24,"331 Oat Light Wrap bread (Mountain Bread, VIC, Australia) Australia 2008",62,"331 Oat Light Wrap bread (Mountain Bread, VIC, Australia) Australia 2008 62±6 9 Normal, 10 50 94.0 Glucose, 2h Standard Capillary,"
24,Pty Ltd) Australia 2015,50,"Pty Ltd) Australia 2015 50±5 8 Normal, 10 50 106.2 Glucose, 2h Standard Capillary,"
24,"brand (Gruma Oceania Pty Ltd, Australia) Australia 2015",50,"brand (Gruma Oceania Pty Ltd, Australia) Australia 2015 50±6 8 Normal, 10 50 127.6 Glucose, 2h Standard Capillary,"
24,"brand (Gruma Oceania Pty Ltd, Australia) Australia 2015",59,"brand (Gruma Oceania Pty Ltd, Australia) Australia 2015 59±5 9 Normal, 10 50 122.2 Glucose, 2h Standard Capillary,"
24,"Holdings, Australia) Australia 2010",63,"Holdings, Australia) Australia 2010 63±3 9 Normal, 10 50 117.1 Glucose, 2h Standard Capillary,"
24,"(Bakery School, Herk-de-Stad, Belgium) Belgium 2010*",69,"(Bakery School, Herk-de-Stad, Belgium) Belgium 2010* 69±15 10 Normal, 10 25 55.6 Glucose, 2h Standard Venous,"
24,"School, Herk-de-Stad, Belgium) Belgium 2010*",40,"School, Herk-de-Stad, Belgium) Belgium 2010* 40±4 6 Normal, 10 25 58.1 Glucose, 2h Standard Venous,"
24,"(4.3%) (Cuor di Lino, Mulino Bianco, Barilla , Italy) Italy 2012",58,"(4.3%) (Cuor di Lino, Mulino Bianco, Barilla , Italy) Italy 2012 58±10 9 Normal, 9 50 127 Glucose, 2h Standard Capillary,"
24,New Zealand 2010*,92,"New Zealand 2010* 92±10 14 Normal, 10 50 119 Glucose, 2h Standard Capillary,"
24,"340 Crusty malted wheat bread (Finest, UK) UK 2005",52,"340 Crusty malted wheat bread (Finest, UK) UK 2005 52±8 8 Normal, 10 50 113.1 Glucose, 2h Standard Capillary,"
24,341 Dried wheat bread rusk Crete 2006,63,"341 Dried wheat bread rusk Crete 2006 63±6 9 Normal, 10 50 71.4 Glucose, 2h Standard Capillary,"
25,Italy 2015,63,"Italy 2015 63±8 9 Normal, 9 25 62 Glucose, 2h Standard Capillary,"
25,"343 Lebanese bread, white (Seda Bakery, Sydney, Australia) Australia 2002",75,"343 Lebanese bread, white (Seda Bakery, Sydney, Australia) Australia 2002 75±9 11 Normal, 10 50 NS Glucose, 2h Standard Capillary,"
25,"344 Malt loaf, organic UK 2005",59,"344 Malt loaf, organic UK 2005 59±9 9 Normal, 10 50 81.7 Glucose, 2h Standard Capillary,"
25,microwave for 25 sec Australia 2013,71,"microwave for 25 sec Australia 2013 71±5 11 Normal, 10 50 117.9 Glucose, 2h Standard Capillary,"
25,"346 Pain au lait (Pasquier, France) France 2002",63,"346 Pain au lait (Pasquier, France) France 2002 63±10 9 Normal,"
25,"347 Pita bread, white, mini UK 2005",68,"347 Pita bread, white, mini UK 2005 68±5 10 Normal, 10 50 97.7 Glucose, 2h Standard Capillary,"
25,"348 Pita bread, wholemeal UK 2005",56,"348 Pita bread, wholemeal UK 2005 56±13 8 Normal, 10 50 107.8 Glucose, 2h Standard Capillary,"
25,Australia 2008,85,"Australia 2008 85±12 13 Normal, 10 50 121.7 Glucose, 2h Standard Capillary,"
25,"350 Roti (unleavened flatbread), whole wheat flour India 2010*",45,"350 Roti (unleavened flatbread), whole wheat flour India 2010* 45±4 7 Normal, 18 50 74.6 Glucose, 2h Standard Capillary,"
25,"Bengal flour, psyllium husk powder and fenugreek pow der India 2010*",27,"Bengal flour, psyllium husk powder and fenugreek pow der India 2010* 27±2 4 Normal, 18 50 66.7 Glucose, 2h Standard Capillary,"
25,352 Sprouted kamut bread Australia 2008,67,"352 Sprouted kamut bread Australia 2008 67±5 10 Normal, 10 50 128.9 Glucose, 2h Standard Capillary,"
25,353 Steamed wheat bread China 2005,88,"353 Steamed wheat bread China 2005 88±7 13 Normal, 9 50 NS Glucose, 2h Standard Venous, NS NS 12"
25,"flour, separate proving of wheat dough Norway 2019*",72,"flour, separate proving of wheat dough Norway 2019* 72±6 11 Normal, 14 25 56.7 Glucose, 2h Standard Capillary,"
25,"flour) (Speltlompe) (Buer AS, Askim, Norway) Norway 2019*",63,"flour) (Speltlompe) (Buer AS, Askim, Norway) Norway 2019* 63±6 9 Normal, 14 25 66.8 Glucose, 2h Standard Capillary,"
25,"extrusion flour (w/w, dry basis) China 2016*",90,"extrusion flour (w/w, dry basis) China 2016* 90±9 14 Normal, 10 50 100 Glucose, 2h Standard Venous,"
25,357 Potato mixed flour bread (lab made) China 2020,55,"357 Potato mixed flour bread (lab made) China 2020 55±3 8 Normal, 12 50 107.1 Glucose, 2h Standard Capillary,"
25,358 Soy flour bread Australia 2005,40,"358 Soy flour bread Australia 2005 40±6 6 Normal, 10 50 197.6 Glucose, 2h Standard Capillary,"
26,"359 Branflakes (Healthy Living, UK) UK 2005",50,"359 Branflakes (Healthy Living, UK) UK 2005 50±7 10 Normal, 10 50 74.5 Glucose, 2h Standard Capillary,"
26,2007,65,"2007 65±8 13 Normal, 10 50 79.0 Bread, 2h Standard Capillary,"
26,"361 Bran Flakes™ (Kellogg's, Australia) Australia 2000",74,"361 Bran Flakes™ (Kellogg's, Australia) Australia 2000 74±6 15 Normal, 12 50 83.0 Bread, 2h Standard Capillary,"
26,"362 Chocapic™, wheat-based flaked cereal France 2003",70,"362 Chocapic™, wheat-based flaked cereal France 2003 70±10 14 Normal, 11 50 62.6 Glucose, 2h Standard Capillary,"
26,"363 Chocapic™, wheat-based flaked cereal France 2003",74,"363 Chocapic™, wheat-based flaked cereal France 2003 74±9 15 Normal, 12 50 62.6 Glucose, 2h Standard Capillary,"
26,"364 Chocapic™, wheat-based flaked cereal France 2002",84,"364 Chocapic™, wheat-based flaked cereal France 2002 84±9 17 Normal,"
26,(19-32 y) Australia 2014*,64,"(19-32 y) Australia 2014* 64±4 13 Normal, 20 50 NS Glucose, 2h Standard Capillary,"
26,366 Cornflakes11 France 2019*,66,"366 Cornflakes11 France 2019* 66±5 13 Normal, 13 50 53.5 Glucose, 2h Standard Capillary,"
26,367 Cornflakes China 2005,74,"367 Cornflakes China 2005 74±3 15 Normal, 9 50 NS Glucose, 2h Standard Venous, NS NS 12"
26,368 Cornflakes11 France 2019*,77,"368 Cornflakes11 France 2019* 77±6 15 Normal, 15 50 53.5 Glucose, 2h Standard Capillary,"
26,369 Cornflakes11 France 2019*,77,"369 Cornflakes11 France 2019* 77±6 15 Normal, 15 50 53.5 Glucose, 2h Standard Capillary,"
26,370 Cornflakes China 2005,79,"370 Cornflakes China 2005 79±4 16 Normal, 9 50 NS Glucose, 2h Standard Venous, NS NS 12"
26,(56-86 y) Australia 2014*,81,"(56-86 y) Australia 2014* 81±3 16 Normal, 60 50 NS Glucose, 2h Standard Capillary,"
27,"372 Cornflakes (Kellogg's, Australia) Australia 2010",82,"372 Cornflakes (Kellogg's, Australia) Australia 2010 82±4 16 Normal, 10 50 59.8 Glucose, 2h Standard Capillary,"
27,373 Cornflakes (Kellogg's) Thailand 2019,93,"373 Cornflakes (Kellogg's) Thailand 2019 93±8 19 Normal, 10 50 60 Glucose, 2h Standard Capillary,"
27,374 Cornflakes (Kellogg's) Thailand 2020,105,"374 Cornflakes (Kellogg's) Thailand 2020 105±10 21 Normal, 12 50 60 Glucose, 2h Standard Capillary,"
27,Cornflakes (mean),80,"Cornflakes, mean of 10 foods 80"
27,"375 Cornflakes, Crunchy Nut™ (Kellogg’s, Australia) Australia 1999",72,"375 Cornflakes, Crunchy Nut™ (Kellogg’s, Australia) Australia 1999 72±4 14 Normal, 10 50 62.8 Glucose, 2h Standard Capillary,"
27,376 Fruit and Fibre UK 2005,67,"376 Fruit and Fibre UK 2005 67±7 13 Normal, 10 50 72.4 Glucose, 2h Standard Capillary,"
27,"377 Fruit and Fibre (Value, UK) UK 2005",68,"377 Fruit and Fibre (Value, UK) UK 2005 68±7 14 Normal, 10 50 76.1 Glucose, 2h Standard Capillary,"
27,"378 Granola, blueberry Canada 2010*",64,"378 Granola, blueberry Canada 2010* 64±6 13 Normal, 10 50 92 Bread, 2h Standard Capillary,"
27,2007,63,"2007 63±4 13 Normal, 10 50 68.2 Bread, 2h Standard Capillary,"
27,2007,70,"2007 70±7 14 Normal, 10 50 68.2 Bread, 2h Standard Capillary,"
27,"381 Granola, whole-grain oat protein USA 2018*",51,"381 Granola, whole-grain oat protein USA 2018* 51±4 10 Normal, 19 50 87 Glucose, 2h Standard Capillary,"
27,"and Food Company, New Zealand) New Zealand 2019",49,"and Food Company, New Zealand) New Zealand 2019 49±7 10 Normal, 11 50 102 Glucose, 2h Standard Capillary,"
27,and Food Company) New Zealand 2019,52,"and Food Company) New Zealand 2019 52±6 10 Normal, 11 50 96.2 Glucose, 2h Standard Capillary,"
27,"Menu™ (Loblaw Brands Limited, Canada) Canada 2007",47,"Menu™ (Loblaw Brands Limited, Canada) Canada 2007 47±4 9 Normal, 10 50 Bread, 2h Standard Capillary,"
27,Australia 2001,49,"Australia 2001 49±3 10 Normal, 10 50 81.1 Glucose, 2h Standard Capillary,"
27,"386 Vogel’s Cluster Crunch Classic (Specialty Cereals, Au stralia) Australia 200",50,"386 Vogel’s Cluster Crunch Classic (Specialty Cereals, Au stralia) Australia 2006 50±6 10 Normal, 10 50 76.7 Glucose, 2h Standard Capillary,"
28,Australia) Australia 2006,43,"Australia) Australia 2006 43±3 9 Normal, 10 50 79.5 Glucose, 2h Standard Capillary,"
28,"Cereals, Australia) Australia 2006",43,"Cereals, Australia) Australia 2006 43±6 9 Normal, 10 50 79.1 Glucose, 2h Standard Capillary,"
28,Granola (mean),53,"Granola, mean of 11 foods 53"
28,389 Malted wholewheat cereal UK 2008*,56,389 Malted wholewheat cereal UK 2008* 56±5 11
28,390 Malted wholewheat cereal UK 2008*,60,390 Malted wholewheat cereal UK 2008* 60±7 12 Normal
28,391 Malted wheat cereal UK 2008*,60,391 Malted wheat cereal UK 2008* 60±5 12
28,392 Malted wheat cereal UK 2008*,68,392 Malted wheat cereal UK 2008* 68±5 14 Normal
28,"Town, South Africa) South Africa 2008",59,"Town, South Africa) South Africa 2008 59±6 12 Normal, 10 50 79.4 Glucose, 2h Standard Capillary,"
28,Australia) Australia 2008,67,"Australia) Australia 2008 67±3 13 Normal, 10 50 72.1 Glucose, 2h Standard Capillary,"
28,Australia) Australia 2008,66,"Australia) Australia 2008 66±11 13 Normal, 10 50 92.6 Glucose, 2h Standard Capillary,"
28,Australia) Australia 2014,48,"Australia) Australia 2014 48±5 10 Normal, 10 50 101.2 Glucose, 2h Standard Capillary,"
28,"Ku-ring-gai, NSW, Australia) Australia 2006",48,"Ku-ring-gai, NSW, Australia) Australia 2006 48±6 10 Normal, 10 50 78.4 Glucose, 2h Standard Capillary,"
28,Australia) Australia 2014,45,"Australia) Australia 2014 45±5 9 Normal, 10 50 107.1 Glucose, 2h Standard Capillary,"
28,"399 Fruit & Muesli, Bürgen ® (George Weston Foods, Australia) Australia 2007",51,"399 Fruit & Muesli, Bürgen ® (George Weston Foods, Australia) Australia 2007 51±4 10 Normal, 10 50 NS Glucose, 2h Standard Capillary,"
28,Australia) Australia 2014,50,"Australia) Australia 2014 50±5 10 Normal, 10 50 92.6 Glucose, 2h Standard Capillary,"
29,Australia 2008,31,"Australia 2008 31±4 6 Normal, 10 50 116.3 Glucose, 2h Standard Capillary,"
29,"402 Muesli (Value, UK) UK 2005",64,"402 Muesli (Value, UK) UK 2005 64±9 13 Normal, 10 50 79.9 Glucose, 2h Standard Capillary,"
29,"403 Muesli (Healthy Eating, UK) UK 2005",86,"403 Muesli (Healthy Eating, UK) UK 2005 86±10 17 Normal, 10 50 70.3 Glucose, 2h Standard Capillary,"
29,"404 Muesli (Cereali croccanti classic, Italy) 6 Italy 2009",66,"404 Muesli (Cereali croccanti classic, Italy) 6 Italy 2009 66±6 13 Normal, 10 50 75.5 Glucose, 2h Standard Capillary,"
29,"405 Muesli, fruit UK 2005",67,"405 Muesli, fruit UK 2005 67±7 13 Normal, 10 50 74.4 Glucose, 2h Standard Capillary,"
29,"classic, Italy)6 Italy 2009",62,"classic, Italy)6 Italy 2009 62±8 12 Normal, 10 50 69.9 Glucose, 2h Standard Capillary,"
29,Australia) Australia 2014,49,"Australia) Australia 2014 49±3 10 Normal, 10 50 79.0 Glucose, 2h Standard Capillary,"
29,"408 Muesli, gluten-free with psyllium (Freedom Foods, Australia) Australia 2007",50,"408 Muesli, gluten-free with psyllium (Freedom Foods, Australia) Australia 2007 50±7 10 Normal, 9 50 150.2 Glucose, 2h Standard Capillary,"
29,"(Kellogg's, Australia) Australia 2007",64,"(Kellogg's, Australia) Australia 2007 64±7 13 Normal, 10 50 74.5 Glucose, 2h Standard Capillary,"
29,"nuts, Alpen original (Weetabix, UK) UK 2002",55,"nuts, Alpen original (Weetabix, UK) UK 2002 55±10 11 Normal,"
29,Australia) Australia 2006,49,"Australia) Australia 2006 49±5 10 Normal, 10 25 56.6 Glucose, 2h Standard Capillary,"
29,"412 Muesli, Natural (Sanitarium, Australia) Australia 2001",40,"412 Muesli, Natural (Sanitarium, Australia) Australia 2001 40±6 8 Normal, 10 50 79.1 Glucose, 2h Standard Capillary,"
29,"413 Muesli, Natural (Sanitarium, New Zealand) New Zealand 2000",57,"413 Muesli, Natural (Sanitarium, New Zealand) New Zealand 2000 57±9 11 Normal, 10 50 NS Glucose, 2h Standard Venous, plasma Enzymatic 27"
29,Australia) Australia 2007,62,"Australia) Australia 2007 62±6 12 Normal, 9 50 83.8 Glucose, 2h Standard Capillary,"
29,"415 Muesli, Naytura Fruit and Nut (Woolworths, Australia) Australia 2007",48,"415 Muesli, Naytura Fruit and Nut (Woolworths, Australia) Australia 2007 48±6 10 Normal, 10 50 108.0 Glucose, 2h Standard Capillary,"
29,"416 Muesli, Swiss Bircher (Woolworths Select, Australia) Australia 2008",52,"416 Muesli, Swiss Bircher (Woolworths Select, Australia) Australia 2008 52±5 10 Normal, 10 50 85.0 Glucose, 2h Standard Capillary,"
29,"417 Muesli, toasted, with nuts Australia 2006",65,"417 Muesli, toasted, with nuts Australia 2006 65±5 13 Normal, 10 50 NS Glucose, 2h Standard Capillary,"
29,"418 Muesli, wholewheat UK 2005",56,"418 Muesli, wholewheat UK 2005 56±6 11 Normal, 10 50 84.6 Glucose, 2h Standard Capillary,"
30,"419 Muesli, yeast & wheat free (Freedom Foods, Australia ) Australia 2007",45,"419 Muesli, yeast & wheat free (Freedom Foods, Australia ) Australia 2007 45±5 9 Normal, 10 50 150.2 Glucose, 2h Standard Capillary,"
30,"420 Rye Muesli, Bürgen ® (George Weston Foods, Australia) Australia 2007",41,"420 Rye Muesli, Bürgen ® (George Weston Foods, Australia) Australia 2007 41±5 8 Normal, 10 50 NS Glucose, 2h Standard Capillary,"
30,2007,51,"2007 51±3 10 Normal, 10 50 NS Glucose, 2h Standard Capillary,"
30,422 Whole-grain oat muesli USA 2018*,55,"422 Whole-grain oat muesli USA 2018* 55±4 11 Normal, 19 50 84 Glucose, 2h Standard Capillary,"
30,Muesli (mean),55,"Muesli, mean of 30 foods 55"
30,"423 Chocolate Protein Muesli (Herman Brot Pty Ltd, Austra lia) Australia 2016",35,"423 Chocolate Protein Muesli (Herman Brot Pty Ltd, Austra lia) Australia 2016 35±4 7 Normal, 10 25 120.8 Glucose, 2h Standard Capillary,"
30,Australia) Australia 2016,30,"Australia) Australia 2016 30±3 6 Normal, 10 25 147.1 Glucose, 2h Standard Capillary,"
30,"425 Red Fruits Protein Muesli (Herman Brot Pty Ltd, Austr alia) Australia 2016",32,"425 Red Fruits Protein Muesli (Herman Brot Pty Ltd, Austr alia) Australia 2016 32±4 6 Normal, 10 25 134.4 Glucose, 2h Standard Capillary,"
30,"Oats; Peterborough, Ontario) Canada 2010",76,"Oats; Peterborough, Ontario) Canada 2010 76±4 15 Normal, 10 50 88.2 Glucose, 2h Standard Capillary,"
30,"Toby's, Australia) Australia 2003",82,"Toby's, Australia) Australia 2003 82±10 16 Normal, 10 50 88.2 Glucose, 2h Standard Capillary,"
30,"428 Instant oat cereal porridge, prepared with 348 g water UK 2006",83,"428 Instant oat cereal porridge, prepared with 348 g water UK 2006 83±10 17 Normal, 10 50 87.1 Glucose, 2h Standard Capillary,"
30,"429 Instant oat porridge, prepared with water, cooked Australia 2007",87,"429 Instant oat porridge, prepared with water, cooked Australia 2007 87±9 17 Normal, 10 50 88.2 Glucose, 2h Standard Capillary,"
30,"430 Porridge oats (Freedom Foods, Australia) Australia 2007",50,"430 Porridge oats (Freedom Foods, Australia) Australia 2007 50±4 10 Normal, 12 50 80.9 Glucose, 2h Standard Capillary,"
30,"431 Porridge oats, traditional (Lowan Whole Foods, Austral ia) Australia 2004",51,"431 Porridge oats, traditional (Lowan Whole Foods, Austral ia) Australia 2004 51±8 10 Normal, 10 50 81.0 Bread, 2h Standard Capillary,"
30,432 Porridge oats China 2005,55,"432 Porridge oats China 2005 55±2 11 Normal, 9 50 NS Glucose, 2h Standard Venous, NS NS 12"
31,Australia) Australia 2008,57,"Australia) Australia 2008 57±4 11 Normal, 10 50 81.4 Glucose, 2h Standard Capillary,"
31,"434 Porridge (Hubbards, New Zealand) New Zealand 2000",58,"434 Porridge (Hubbards, New Zealand) New Zealand 2000 58±9 12 Normal, 10 50 NS Glucose, 2h Standard Venous, plasma Enzymatic 27"
31,"435 Porridge, Scottish, made with water, cooked in microw ave UK 2005",63,"435 Porridge, Scottish, made with water, cooked in microw ave UK 2005 63±7 13 Normal, 10 50 80.6 Glucose, 2h Standard Capillary,"
31,Finland 2005,76,"Finland 2005 76±7 15 Normal, 12 50 495 Glucose, 3h21 0,15,30,45,6"
31,Australia 2003,55,"Australia 2003 55±2 11 Normal, 9 50 143.8 Glucose, 2h Standard Capillary,"
31,"438 Porridge, made from steel-cut oats, cooked in water Australia 2003",48,"438 Porridge, made from steel-cut oats, cooked in water Australia 2003 48±5 10 Normal, 10 50 81.2 Glucose, 2h Standard Capillary,"
31,water Australia 2016,51,"water Australia 2016 51±5 10 Normal, 9 50 87.9 Glucose, 2h Standard Capillary,"
31,"440 Porridge, made from steel-cut oats, cooked in water USA 2003",52,"440 Porridge, made from steel-cut oats, cooked in water USA 2003 52±4 10 Normal, 9 50 90.9 Glucose, 2h Standard Capillary,"
31,"(Meebags, Sunny International Trading Pty Ltd) Australia 2019",53,"(Meebags, Sunny International Trading Pty Ltd) Australia 2019 53±3 11 Normal, 9 50 89.6 Glucose, 2h Standard Capillary,"
31,Canada 2007,57,"Canada 2007 57±8 11 Normal, 10 50 80.0 Bread, 2h Standard Capillary,"
31,"Protein, prepared with water Australia 2019",57,"Protein, prepared with water Australia 2019 57±5 11 Normal, 10 50 105.3 Glucose, 2h Standard Capillary,"
31,prepared with water Australia 2019,52,"prepared with water Australia 2019 52±5 10 Normal, 10 50 94.3 Glucose, 2h Standard Capillary,"
31,Canada 2007,55,"Canada 2007 55±7 11 Normal, 10 50 86.5 Bread, 2h Standard Capillary,"
32,"446 Rice Bubbles™ (Kellogg's, Australia) Australia 2000",85,"446 Rice Bubbles™ (Kellogg's, Australia) Australia 2000 85±3 17 Normal, 10 50 58.5 Glucose, 2h Standard Capillary,"
32,"447 Rice Bubbles™ (Kellogg's, Australia) Australia 2007",92,"447 Rice Bubbles™ (Kellogg's, Australia) Australia 2007 92±8 18 Normal, 9 50 58.4 Glucose, 2h Standard Capillary,"
32,"448 Special K™ (Kellogg's, USA) USA 2000",69,"448 Special K™ (Kellogg's, USA) USA 2000 69±5 14 Normal, 10 50 NS Bread, 2h Standard Capillary,"
32,"449 Special K™, made from rice (Kellogg's, France) France 2002",84,"449 Special K™, made from rice (Kellogg's, France) France 2002 84±12 17 Normal,"
32,"450 Sustain™, Original (Kellogg's, Australia) Australia 2007",55,"450 Sustain™, Original (Kellogg's, Australia) Australia 2007 55±5 11 Normal, 10 50 67.4 Glucose, 2h Standard Capillary,"
32,"451 Sustain™ (Kellogg's) 13, tested in younger adults (19-32 y) Australia 2014*",56,"451 Sustain™ (Kellogg's) 13, tested in younger adults (19-32 y) Australia 2014* 56±4 11 Normal, 20 50 NS Glucose, 2h Standard Capillary,"
32,"452 Sustain™ (Kellogg's) 13, tested in older adults (56–86 y) Australia 2014*",66,"452 Sustain™ (Kellogg's) 13, tested in older adults (56–86 y) Australia 2014* 66±3 13 Normal, 60 50 NS Glucose, 2h Standard Capillary,"
32,"453 Vita-Brits™ (Uncle Toby's, Australia) Australia 2001",68,"453 Vita-Brits™ (Uncle Toby's, Australia) Australia 2001 68±6 14 Normal, 10 50 75.6 Glucose, 2h Standard Capillary,"
32,"454 Weet-Bix™ (Sanitarium, Australia) Australia 2004",69,"454 Weet-Bix™ (Sanitarium, Australia) Australia 2004 69±4 14 Normal, 10 50 78.2 Glucose, 2h Standard Capillary,"
32,"455 Weet-Bix™ (Sanitarium, Australia) Australia 2001",69,"455 Weet-Bix™ (Sanitarium, Australia) Australia 2001 69±4 14 Normal, 12 50 75.1 Bread, 2h Standard Capillary,"
32,"456 Whole wheat Goldies™ (Kellogg's, Australia) Australia 2001",70,"456 Whole wheat Goldies™ (Kellogg's, Australia) Australia 2001 70±4 14 Normal, 10 50 74.5 Glucose, 2h Standard Capillary,"
32,457 Wheat based cereal biscuits UK 2006,72,"457 Wheat based cereal biscuits UK 2006 72±10 14 Normal, 10 50 74.5 Glucose, 2h Standard Capillary,"
32,458 Wheat flake cereal biscuits Australia 2014*,76,"458 Wheat flake cereal biscuits Australia 2014* 76±5 15 Normal 10 50 75 Glucose, 2h Standard Capillary,"
33,"459 Good Start™, muesli wheat biscuits (Sanitarium, Australi a) Australia 2001",68,"459 Good Start™, muesli wheat biscuits (Sanitarium, Australi a) Australia 2001 68±4 14 Normal, 10 50 75.8 Glucose, 2h Standard Capillary,"
33,"(Sanitarium, Australia) Australia 2001",61,"(Sanitarium, Australia) Australia 2001 61±4 12 Normal, 10 50 147.4 Glucose, 2h Standard Capillary,"
33,Australia) Australia 2001,57,"Australia) Australia 2001 57±3 11 Normal, 10 50 92.3 Glucose, 2h Standard Capillary,"
33,462 Honey Goldies™ (Kellogg's Australia) Australia 2001,72,"462 Honey Goldies™ (Kellogg's Australia) Australia 2001 72±3 14 Normal, 10 50 71.3 Glucose, 2h Standard Capillary,"
33,"463 Lite-Bix™, plain, no added sugar (Sanitarium, Australia) Australia 2001",70,"463 Lite-Bix™, plain, no added sugar (Sanitarium, Australia) Australia 2001 70±3 14 Normal, 10 50 92.9 Glucose, 2h Standard Capillary,"
33,"464 Oat bran Weet-Bix™ (Sanitarium, Australia) Australia 2001",57,"464 Oat bran Weet-Bix™ (Sanitarium, Australia) Australia 2001 57±4 11 Normal, 10 50 91.4 Glucose, 2h Standard Capillary,"
33,465 Sultana Goldies™ (Kellogg's Australia) Australia 2001,65,"465 Sultana Goldies™ (Kellogg's Australia) Australia 2001 65±6 13 Normal, 10 50 73.1 Glucose, 2h Standard Capillary,"
33,Australia 2014*,72,"Australia 2014* 72±5 14 Normal 10 50 75 Glucose, 2h Standard Capillary,"
33,Australia 2014*,70,"Australia 2014* 70±4 14 Normal 10 50 75 Glucose, 2h Standard Capillary,"
33,468 Wheat flakes Australia 2019,73,"468 Wheat flakes Australia 2019 73±7 15 Normal 10 50 85.6 Glucose, 2h Standard Capillary,"
33,"469 All-Bran Fruit 'n Oats™ (Kellogg's, Australia) Australia 1997",41,"469 All-Bran Fruit 'n Oats™ (Kellogg's, Australia) Australia 1997 41±9 8 Normal,"
33,"470 All-Bran Soy 'n Fiber™ (Kellogg's, Australia) Australia 1999",33,"470 All-Bran Soy 'n Fiber™ (Kellogg's, Australia) Australia 1999 33±3 7 Normal, 10 50 88.0 Bread, 2h Standard Capillary,"
33,"471 All-Bran Wheat Flakes™ (Kellogg's, Australia) Australia 2007",60,"471 All-Bran Wheat Flakes™ (Kellogg's, Australia) Australia 2007 60±8 12 Normal, 9 50 72.6 Glucose, 2h Standard Capillary,"
33,"472 Bran cereal, high fiber UK 2005",43,"472 Bran cereal, high fiber UK 2005 43±10 9 Normal, 10 50 129.9 Glucose, 2h Standard Capillary,"
33,"473 Coco Pops™ (Kellogg's, Australia) Australia 2000",77,"473 Coco Pops™ (Kellogg's, Australia) Australia 2000 77±3 15 Normal, 10 50 57.1 Glucose, 2h Standard Capillary,"
33,"474 Corn Pops™ (Kellogg's, Australia) Australia 2000",80,"474 Corn Pops™ (Kellogg's, Australia) Australia 2000 80±4 16 Normal, 10 50 55.6 Glucose, 2h Standard Capillary,"
34,"Pty Ltd, Australia) Australia 2008",70,"Pty Ltd, Australia) Australia 2008 70±6 14 Normal, 10 50 69.1 Glucose, 2h Standard Capillary,"
34,"476 Energy Mix™, wheat-based flaked cereal (Quaker, France) France 2002",80,"476 Energy Mix™, wheat-based flaked cereal (Quaker, France) France 2002 80±7 16 Normal,"
34,2007,56,"2007 56±10 11 Normal, 10 50 150.2 Bread, 2h Standard Capillary,"
34,"478 Froot Loops™ (Kellogg's, Australia) Australia 1999",69,"478 Froot Loops™ (Kellogg's, Australia) Australia 1999 69±9 14 Normal, 10 50 58.6 Bread, 2h Standard Capillary,"
34,"479 Frosties™, sugar-coated cornflakes (Kellogg's, Australia) Australia 1997",55,"479 Frosties™, sugar-coated cornflakes (Kellogg's, Australia) Australia 1997 55±7 11 Normal, 12 50 57.8 Bread, 2h Standard Capillary,"
34,"480 Fruity-Bix™, berry (Sanitarium, New Zealand) New Zealand 2000",113,"480 Fruity-Bix™, berry (Sanitarium, New Zealand) New Zealand 2000 113±10 23 Normal, 10 50 NS Glucose, 2h Standard Venous, plasma Enzymatic 27"
34,"481 Golden Wheats™ (Kellogg's, Australia) Australia 1997",71,"481 Golden Wheats™ (Kellogg's, Australia) Australia 1997 71±8 14 Normal, 10 50 65.2 Bread, 2h Standard Capillary,"
34,Australia) Australia 2009,34,"Australia) Australia 2009 34±4 7 Normal, 10 25 40.0 Glucose, 2h Standard Capillary,"
34,"483 Grapenuts™ (Kraft Foods Inc, Port Chester, USA) USA 1997",75,"483 Grapenuts™ (Kraft Foods Inc, Port Chester, USA) USA 1997 75±6 15 Normal, 10 50 72.5 Bread, 2h Standard Capillary,"
34,"484 Guardian™ (Kellogg's, Australia) Australia 1997",37,"484 Guardian™ (Kellogg's, Australia) Australia 1997 37±9 7 Normal,"
34,"485 Guardian™ (Kellogg's, Australia) Australia 2019",43,"485 Guardian™ (Kellogg's, Australia) Australia 2019 43±4 9 Normal, 11 50 38.3 Glucose, 2h Standard Capillary,"
34,Australia 2006,66,"Australia 2006 66±9 13 Normal, 10 50 72.7 Glucose, 2h Standard Capillary,"
34,487 High-fiber cereal UK 2006,52,"487 High-fiber cereal UK 2006 52±6 10 Normal, 10 50 87.1 Glucose, 2h Standard Capillary,"
34,2007,54,"2007 54±5 11 Normal, 9 50 82.1 Glucose, 2h Standard Capillary,"
34,"489 Honey Rice Bubbles™ (Kellogg's, Australia) Australia 2000",77,"489 Honey Rice Bubbles™ (Kellogg's, Australia) Australia 2000 77±4 15 Normal, 10 50 56.4 Glucose, 2h Standard Capillary,"
34,"490 Honey Smacks™ (Kellogg's, Australia) Australia 1997",71,"490 Honey Smacks™ (Kellogg's, Australia) Australia 1997 71±10 14 Normal,"
34,USA) USA 1999,37,"USA) USA 1999 37±6 7 Normal, 10 50 96.3 Bread, 2h Standard Capillary,"
34,"492 Hot cereal, Sustagrain, unflavored (Con Agra Inc., USA) USA 1999",25,"492 Hot cereal, Sustagrain, unflavored (Con Agra Inc., USA) USA 1999 25±5 5 Normal, 10 50 135.5 Bread, 2h Standard Capillary,"
35,"493 Just Right™ (Kellogg's, Australia) Australia 1997",60,"493 Just Right™ (Kellogg's, Australia) Australia 1997 60±15 12 Normal,"
35,"494 Just Right Just Grains™ (Kellogg's, Australia) Australia 1999",62,"494 Just Right Just Grains™ (Kellogg's, Australia) Australia 1999 62±11 12 Normal, 10 50 64.3 Bread, 2h Standard Capillary,"
35,"495 Komplete™ (Kellogg's, Australia) Australia 1997",48,"495 Komplete™ (Kellogg's, Australia) Australia 1997 48±5 10 Normal, 10 50 NS Bread, 2h Standard Capillary,"
35,"496 Milo® Protein Clusters Cereal (Nestlé, Australia) Australia 2015",47,"496 Milo® Protein Clusters Cereal (Nestlé, Australia) Australia 2015 47±4 9 Normal, 10 50 80.9 Glucose, 2h Standard Capillary,"
35,"497 Mini Wheats™, blackcurrant (Kellogg's, Australia) Australia 1997",72,"497 Mini Wheats™, blackcurrant (Kellogg's, Australia) Australia 1997 72±10 14 Normal,"
35,"498 Oat 'n Honey Bake™ (Kellogg's, Australia) Australia 1999",77,"498 Oat 'n Honey Bake™ (Kellogg's, Australia) Australia 1999 77±11 15 Normal, 10 50 NS Bread, 2h Standard Capillary,"
35,Australia) Australia 2003,59,"Australia) Australia 2003 59±4 12 Normal, 10 50 80.9 Glucose, 2h Standard Capillary,"
35,"500 Raisin Bran™ (Kellogg's, USA) USA 2000",61,"500 Raisin Bran™ (Kellogg's, USA) USA 2000 61±5 12 Normal, 10 50 NS Bread, 2h Standard Capillary,"
35,Australia) Australia 2001,60,"Australia) Australia 2001 60±5 12 Normal, 10 50 77.6 Glucose, 2h Standard Capillary,"
35,"502 Sultana Bran™ (Kellogg's, Australia) Australia 2007",64,"502 Sultana Bran™ (Kellogg's, Australia) Australia 2007 64±3 13 Normal, 9 50 78.6 Glucose, 2h Standard Capillary,"
35,"cereal, 30.2 g fiber/100 g (Specialty Cereals, Australia) Australia 2001",41,"cereal, 30.2 g fiber/100 g (Specialty Cereals, Australia) Australia 2001 41±4 8 Normal, 10 50 104.6 Glucose, 2h Standard Capillary,"
35,504 Wheat flakes Australia 2019,73,"504 Wheat flakes Australia 2019 73±7 15 Normal, 10 50 85.6 Glucose, 2h Standard Capillary,"
35,505 Whole-grain protein cereal USA 2018*,49,"505 Whole-grain protein cereal USA 2018* 49±3 10 Normal, 19 50 99 Glucose, 2h Standard Capillary,"
35,Australia 2008,85,"Australia 2008 85±10 17 Normal, 10 50 74.7 Glucose, 2h Standard Capillary,"
35,"507 Cereal bar, cranberry flavor UK 2006",42,"507 Cereal bar, cranberry flavor UK 2006 42±5 8 Normal, 10 50 103.1 Glucose, 2h Standard Capillary,"
35,"508 Cereal bar, hazelnut flavor UK 2006",33,"508 Cereal bar, hazelnut flavor UK 2006 33±6 7 Normal, 10 50 103.7 Glucose, 2h Standard Capillary,"
36,"509 Cereal bar, orange flavor UK 2006",33,"509 Cereal bar, orange flavor UK 2006 33±3 7 Normal, 10 50 105.5 Glucose, 2h Standard Capillary,"
36,"510 Crunchy Nut Cornflakes™ bar (Kellogg's, Australia) Australia 1999",72,"510 Crunchy Nut Cornflakes™ bar (Kellogg's, Australia) Australia 1999 72±6 14 Normal, 10 50 58.3 Bread, 2h Standard Capillary,"
36,"nuts with yoghurt coating (Sanitarium, Australia) Australia 2001",56,"nuts with yoghurt coating (Sanitarium, Australia) Australia 2001 56±4 11 Normal, 10 50 79.0 Glucose, 2h Standard Capillary,"
36,"fruit covered with yoghurt coating (Sanitarium, Australia) Australia 2001",51,"fruit covered with yoghurt coating (Sanitarium, Australia) Australia 2001 51±4 10 Normal, 10 50 82.4 Glucose, 2h Standard Capillary,"
36,"513 Hi-Lite™ breakfast bar (Freedom Foods, Australia) Australia 2007",53,"513 Hi-Lite™ breakfast bar (Freedom Foods, Australia) Australia 2007 53±3 11 Normal, 10 50 71.6 Glucose, 2h Standard Capillary,"
36,"514 K-Time Just Right™ bar (Kellogg's, Australia) Australia 2000",72,"514 K-Time Just Right™ bar (Kellogg's, Australia) Australia 2000 72±4 14 Normal, 10 50 64.3 Glucose, 2h Standard Capillary,"
36,"515 K-Time Strawberry Crunch™ bar (Kellogg's, Australia) Australia 2000",77,"515 K-Time Strawberry Crunch™ bar (Kellogg's, Australia) Australia 2000 77±5 15 Normal, 10 50 61.7 Glucose, 2h Standard Capillary,"
36,"516 Muesli breakfast bar, gluten-free (Freedom Foods, Australia) Australia 2007",50,"516 Muesli breakfast bar, gluten-free (Freedom Foods, Australia) Australia 2007 50±6 10 Normal, 9 50 87.9 Glucose, 2h Standard Capillary,"
36,"517 Rice Bubble Treat™ bar (Kellogg's, Australia) Australia 1999",63,"517 Rice Bubble Treat™ bar (Kellogg's, Australia) Australia 1999 63±11 13 Normal, 10 50 63.2 Bread, 2h Standard Capillary,"
36,"518 Sustain™ bar (Kellogg's, Australia) Australia 1999",57,"518 Sustain™ bar (Kellogg's, Australia) Australia 1999 57±10 11 Normal, 10 50 60.8 Bread, 2h Standard Capillary,"
36,"519 Uncle Toby’s® Milk and Oats, Chocolate cereal bar Australia 2019",48,"519 Uncle Toby’s® Milk and Oats, Chocolate cereal bar Australia 2019 48±3 10 Normal, 10 50 93.8 Glucose, 2h Standard Capillary,"
36,"520 Uncle Toby’s® Milk and Oats, Strawberry cereal bar Australia 2018",50,"520 Uncle Toby’s® Milk and Oats, Strawberry cereal bar Australia 2018 50±4 10 Normal, 10 50 94.2 Glucose, 2h Standard Capillary,"
36,"521 Uncle Toby’s® Milk and Oats, Vanilla cereal bar Australia 2019",46,"521 Uncle Toby’s® Milk and Oats, Vanilla cereal bar Australia 2019 46±4 9 Normal, 9 50 93.6 Glucose, 2h Standard Capillary,"
36,Breakfast cereal bars (mean),56,"Breakfast cereal bars, mean of 16 foods 56"
36,"522 Uncle Toby’s® Breakfast Bakes, Apple and Cinnamon Australia 2019",45,"522 Uncle Toby’s® Breakfast Bakes, Apple and Cinnamon Australia 2019 45±5 9 Normal, 9 50 95.8 Glucose, 2h Standard Capillary,"
36,"523 Uncle Toby’s® Breakfast Bakes, Classic Peanut Butter Australia 2019",47,"523 Uncle Toby’s® Breakfast Bakes, Classic Peanut Butter Australia 2019 47±5 9 Normal, 10 50 102.7 Glucose, 2h Standard Capillary,"
36,"524 Uncle Toby’s® Breakfast Bakes, Honey Almond Australia 2019",50,"524 Uncle Toby’s® Breakfast Bakes, Honey Almond Australia 2019 50±4 10 Normal, 9 50 101.2 Glucose, 2h Standard Capillary,"
37,"525 Uncle Toby’s® Breakfast Bakes, Vanilla & Roasted Cashew Australia 2019",44,"525 Uncle Toby’s® Breakfast Bakes, Vanilla & Roasted Cashew Australia 2019 44±3 9 Normal, 9 50 101.8 Glucose, 2h Standard Capillary,"
37,526 Adlay (Coix lachryma-jobi L)22 Taiwan 2010*,39,"526 Adlay (Coix lachryma-jobi L)22 Taiwan 2010* 39±0.3 18 Normal, 10 50 64 Bread, 2h Standard Capillary,"
37,in water for 28 min Australia 2005,78,"in water for 28 min Australia 2005 78±6 35 Normal, 10 50 81.7 Glucose, 2h Standard Capillary,"
37,Canada 2012*,21,"Canada 2012* 21±4 9 Normal, 10 50 92.2 Bread, 2h Standard Capillary,"
37,Canada 2012*,22,"Canada 2012* 22±3 10 Normal, 10 50 83.7 Bread, 2h Standard Capillary,"
37,Canada 2012*,22,"Canada 2012* 22±4 10 Normal, 10 50 102.2 Bread, 2h Standard Capillary,"
37,"whole grain (only the husk was removed), boiled for 25 min Canada 2012*",24,"whole grain (only the husk was removed), boiled for 25 min Canada 2012* 24±5 11 Normal, 10 50 89.5 Bread, 2h Standard Capillary,"
37,"Products, Concord, Canada) Canada 1999",25,"Products, Concord, Canada) Canada 1999 25±2 11 Normal, 10 50 79.6 Glucose, 2h Standard Capillary,"
37,Canada 2012*,25,"Canada 2012* 25±3 11 Normal, 10 50 91.6 Bread, 2h Standard Capillary,"
37,Canada 2012*,25,"Canada 2012* 25±4 11 Normal, 10 50 92.2 Bread, 2h Standard Capillary,"
37,"whole grain (only the husk was removed), boiled for 25 min Canada 2012*",26,"whole grain (only the husk was removed), boiled for 25 min Canada 2012* 26±6 12 Normal, 10 50 95.3 Bread, 2h Standard Capillary,"
37,"whole grain (only the husk was removed), boiled for 25 min Canada 2012*",28,"whole grain (only the husk was removed), boiled for 25 min Canada 2012* 28±4 13 Normal, 10 50 85.1 Bread, 2h Standard Capillary,"
38,"whole grain (only the husk was removed), boiled for 25 min Canada 2012*",29,"whole grain (only the husk was removed), boiled for 25 min Canada 2012* 29±4 13 Normal, 10 50 83.6 Bread, 2h Standard Capillary,"
38,Canada 2012*,29,"Canada 2012* 29±7 13 Normal, 10 50 91.2 Bread, 2h Standard Capillary,"
38,Canada 2012*,30,"Canada 2012* 30±3 14 Normal, 10 50 86.9 Bread, 2h Standard Capillary,"
38,Canada 2012*,30,"Canada 2012* 30±5 14 Normal, 10 50 87.6 Bread, 2h Standard Capillary,"
38,Canada 2012*,32,"Canada 2012* 32±6 14 Normal, 10 50 80.2 Bread, 2h Standard Capillary,"
38,Canada 2012*,33,"Canada 2012* 33±3 15 Normal, 10 50 80.2 Bread, 2h Standard Capillary,"
38,"543 Barley, pot, boiled (Goudas Food Products, Canada) Canada 2001",35,"543 Barley, pot, boiled (Goudas Food Products, Canada) Canada 2001 35±4 16 Normal, 47 50 NS Glucose, 2h Standard Capillary, NS YSI or"
38,"544 Barley, pot, boiled (Goudas Food Products, Canada) Canada 2001",33,"544 Barley, pot, boiled (Goudas Food Products, Canada) Canada 2001 33±8 15 Normal, 21 50 NS Glucose, 2h Standard Venous, NS Enzymatic 42"
38,Canada 2012*,36,"Canada 2012* 36±8 16 Normal, 10 50 85.8 Bread, 2h Standard Capillary,"
38,Canada 2012*,41,"Canada 2012* 41±5 18 Normal, 10 50 76.1 Bread, 2h Standard Capillary,"
38,"547 Barley, pearled (Orzo, Barilla, Italy) Italy 2009",58,"547 Barley, pearled (Orzo, Barilla, Italy) Italy 2009 58±8 26 Normal, 9 50 76 Glucose, 2h Standard Capillary,"
38,Barley (mean),30,"Barley, mean of 20 foods 30"
38,Sweden 2007,30,"Sweden 2007 30±5 14 Normal, 13 25 95 Glucose, 2h Standard Capillary,"
39,China 2019,63,"China 2019 63±5 28 Normal, 12 50 71.4 Glucose, 2h Standard Capillary,"
39,"(Waitrose Limited, Bracknell, UK) UK 2012*",44,"(Waitrose Limited, Bracknell, UK) UK 2012* 44±7 20 Normal, 10 25 NS Glucose, 2h Standard Capillary,"
39,"(Waitrose Limited, Bracknell, UK) UK 2012*",39,"(Waitrose Limited, Bracknell, UK) UK 2012* 39±10 18 Normal, 10 50 NS Glucose, 2h Standard Capillary,"
39,"(Suma Whole Foods, UK) UK 2012*",50,"(Suma Whole Foods, UK) UK 2012* 50±5 23 Normal, 10 25 NS Glucose, 2h Standard Capillary,"
39,"(Suma Whole Foods, UK) UK 2012*",43,"(Suma Whole Foods, UK) UK 2012* 43±8 19 Normal, 10 50 NS Glucose, 2h Standard Capillary,"
39,554 Corn granules China 2005,52,"554 Corn granules China 2005 52±3 23 Normal, 10 50 NS Glucose, 2h Standard Venous, NS NS 12"
39,555 Cornmeal porridge China 2005,68,"555 Cornmeal porridge China 2005 68±3 31 Normal, 10 50 NS Glucose, 2h Standard Venous, NS NS 12"
39,Australia 2016,92,"Australia 2016 92±6 41 Normal, 10 25 28.7 Glucose, 2h Standard Capillary,"
39,Australia 2016,101,"Australia 2016 101±7 45 Normal, 10 25 28.7 Glucose, 2h Standard Capillary,"
39,"558 Sweet corn, cooked in microwave for 1.5 min Australia 2015",51,"558 Sweet corn, cooked in microwave for 1.5 min Australia 2015 51±4 23 Normal, 10 25 185.2 Glucose, 2h Standard Capillary,"
39,"559 Sweet corn, cooked China 2005",55,"559 Sweet corn, cooked China 2005 55±2 25 Normal, 10 50 NS Glucose, 2h Standard Venous, NS NS 12"
39,"560 Couscous, rehydrated with hot water (San Remo, Austra lia) Australia 2006",65,"560 Couscous, rehydrated with hot water (San Remo, Austra lia) Australia 2006 65±7 29 Normal, 9 50 70.4 Glucose, 2h Standard Capillary,"
39,"Benedikts Imports, Australia), rehydrated with hot water Australia 2008",52,"Benedikts Imports, Australia), rehydrated with hot water Australia 2008 52±5 23 Normal, 9 50 63.6 Glucose, 2h Standard Capillary,"
39,"Benedikts Imports, Australia), rehydrated with hot w ater Australia 2013",53,"Benedikts Imports, Australia), rehydrated with hot w ater Australia 2013 53±4 24 Normal, 9 50 80.6 Glucose, 2h Standard Capillary,"
40,"563 Foxtail millet, cooked (millet:water ratio 1:1.5) China 2016*",64,"563 Foxtail millet, cooked (millet:water ratio 1:1.5) China 2016* 64±9 29 Normal, 10 50 169 Glucose, 2h Standard Venous,"
40,18,89,"18 89±6 40 Normal, 15 50 182.5 Glucose, 2h Standard Capillary,"
40,18,89,"18 89±9 40 Normal, 15 50 170.1 Glucose, 2h Standard Capillary,"
40,566 Foxtail millet porridge (millet:water ratio 1:9) China 2016*,94,"566 Foxtail millet porridge (millet:water ratio 1:9) China 2016* 94±11 42 Normal, 10 50 550 Glucose, 2h Standard Venous,"
40,Sweden 2007,63,"Sweden 2007 63±6 28 Normal, 13 25 111 Glucose, 2h Standard Capillary,"
40,"Foods, Australia) Australia 2017",50,"Foods, Australia) Australia 2017 50±6 23 Normal, 10 50 74.4 Glucose, 2h Standard Capillary,"
40,"Cups, microwaved for 70 sec (Coles Supermarkets, Aust ralia) Australia 2013",53,"Cups, microwaved for 70 sec (Coles Supermarkets, Aust ralia) Australia 2013 53±3 24 Normal, 10 50 136.6 Glucose, 2h Standard Capillary,"
40,"min (Nature First Organic, Australia) Australia 2003",53,"min (Nature First Organic, Australia) Australia 2003 53±5 24 Normal, 10 50 73.5 Glucose, 2h Standard Capillary,"
40,"Foods, Australia) Australia 2017",54,"Foods, Australia) Australia 2017 54±4 24 Normal, 10 50 74.4 Glucose, 2h Standard Capillary,"
40,Australia 2013,49,"Australia 2013 49±3 22 Normal, 10 50 167.8 Glucose, 2h Standard Capillary,"
40,China 2020,56,"China 2020 56±4 25 Normal, 12 25 32.5 Glucose, 2h Standard Capillary,"
40,"574 Basmati, white, polished, cooked 10 min UK 2009*",50,"574 Basmati, white, polished, cooked 10 min UK 2009* 50±6 23 Normal, 10 50 64.8 Glucose, 2h Standard Capillary,"
40,"575 Basmati rice (Dreamrice, Singapore) Singapore 2015*",56,"575 Basmati rice (Dreamrice, Singapore) Singapore 2015* 56±3 25 Normal,"
41,Australia 2013*,57,Australia 2013* 57±4 26
41,"577 Basmati, white, boiled (Mahatma brand, Australia) Australia 1995",58,"577 Basmati, white, boiled (Mahatma brand, Australia) Australia 1995 58±8 26 Normal, 9 50 63.0 Bread, 2h Standard Capillary,"
41,"Co-Op., Australia) Pakistan 2003",59,"Co-Op., Australia) Pakistan 2003 59±6 27 Normal, 10 50 63.3 Glucose, 2h Standard Capillary,"
41,"579 Basmati rice (Dreamrice, Singapore) Singapore 2015*",60,"579 Basmati rice (Dreamrice, Singapore) Singapore 2015* 60±4 27"
41,"580 Basmati rice (Dreamrice, Singapore) Singapore 2015*",63,"580 Basmati rice (Dreamrice, Singapore) Singapore 2015* 63±3 28 Normal,"
41,Australia) Pakistan 2005,65,"Australia) Pakistan 2005 65±7 29 Normal, 10 50 69.0 Glucose, 2h Standard Capillary,"
41,UK) UK 2015*,66,"UK) UK 2015* 66±7 30 Normal, 10 50 NS Glucose, 2h Standard Capillary,"
41,"583 Basmati rice (SunRice; Ricegrowers Ltd.; Leeton, NSW)13 Australia 2013*",67,"583 Basmati rice (SunRice; Ricegrowers Ltd.; Leeton, NSW)13 Australia 2013* 67±5 30 Normal"
41,"Basmati rice, white (mean)",60,"Basmati rice, white, mean of 10 studies 60"
41,"Lal Setia Exports Ltd, India) India 2012",52,"Lal Setia Exports Ltd, India) India 2012 52±6 23 Normal, 9 50 63.9 Glucose, 2h Standard Capillary,"
41,25 min UK 2009*,75,"25 min UK 2009* 75±8 34 Normal, 10 50 71.9 Glucose, 2h Standard Capillary,"
41,"brown basmati rice), cooked for 25 min UK 2009*",59,"brown basmati rice), cooked for 25 min UK 2009* 59±9 27 Normal, 10 50 67 Glucose, 2h Standard Capillary,"
41,UK 2009*,63,"UK 2009* 63±8 28 Normal, 10 50 65 Glucose, 2h Standard Capillary,"
41,UK 2001,57,"UK 2001 57±4 26 Normal, 10 50 151.5 Glucose, 2h Standard Capillary,"
41,"Superior (Masterfoods, Belgium) Belgium 2000",60,"Superior (Masterfoods, Belgium) Belgium 2000 60±5 27 Normal, 10 50 67.5 Glucose, 2h Standard Capillary,"
41,"Ben’s®, Masterfoods, Australia) Australia 2011",63,"Ben’s®, Masterfoods, Australia) Australia 2011 63±6 28 Normal, 9 50 166.7 Glucose, 2h Standard Capillary,"
42,"rice), cooked 15 min UK 2009*",80,"rice), cooked 15 min UK 2009* 80±8 36 Normal, 10 50 64.1 Glucose, 2h Standard Capillary,"
42,"592 Doongara, white, cooked in rice cooker Australia 2007",48,"592 Doongara, white, cooked in rice cooker Australia 2007 48±4 22 Normal, 9 50 64.1 Glucose, 2h Standard Capillary,"
42,New Zealand 2011*,48,"New Zealand 2011* 48±4 22 Normal, 30 50 NS Glucose, 2h Standard Capillary,"
42,"594 Doongara, white Australia 2015",53,"594 Doongara, white Australia 2015 53±4 24 Normal, 10 50 66.0 Glucose, 2h Standard Capillary,"
42,"595 Doongara, white Australia 2005",54,"595 Doongara, white Australia 2005 54±6 24 Normal, 10 50 65.8 Glucose, 2h Standard Capillary,"
42,"596 Doongara, white Australia 1995",54,"596 Doongara, white Australia 1995 54±7 24 Normal, 9 50 185 Bread, 2h"
42,"597 Doongara rice, cooked in rice cooker 13 Australia 2013*",55,"597 Doongara rice, cooked in rice cooker 13 Australia 2013* 55±4 25"
42,"598 Doongara rice, cooked in rice cooker 13 Australia 2013*",67,"598 Doongara rice, cooked in rice cooker 13 Australia 2013* 67±4 30 Normal"
42,Singapore 2014*,68,"Singapore 2014* 68±3 31 Normal, 15 50 NS Glucose, 2h Standard Capillary,"
42,"Ltd., NSW, Australia) 13 Australia 2013*",68,"Ltd., NSW, Australia) 13 Australia 2013* 68±4 31"
42,35 mL water (COFCO China) Thailand 2016,76,"35 mL water (COFCO China) Thailand 2016 76±5 34 Normal, 10 25 31.6 Glucose, 2h Standard Capillary,"
42,"Limited, Australia) Australia 2008",79,"Limited, Australia) Australia 2008 79±5 36 Normal, 10 50 63.0 Glucose, 2h Standard Capillary,"
42,"603 Jasmine Fragrant rice (SunRice, Ricegrowers Limited, NSW) Australia 2011",80,"603 Jasmine Fragrant rice (SunRice, Ricegrowers Limited, NSW) Australia 2011 80±3 36 Normal, 10 50 63.0 Glucose, 2h Standard Capillary,"
43,Australia 2013*,80,Australia 2013* 80±4 36 Normal
43,605 Jasmine long grain rice Canada 2010*,82,"605 Jasmine long grain rice Canada 2010* 82±8 37 Normal, 10 50 62.5 Bread, 2h Standard Capillary,"
43,Canada 2010,84,"Canada 2010 84±4 38 Normal, 10 50 60.0 Glucose, 2h Standard Capillary,"
43,Singapore 2014*,88,"Singapore 2014* 88±10 40 Normal, 14 50 NS Glucose, 2h Standard Capillary,"
43,"Limited, Australia) Australia 2006",89,"Limited, Australia) Australia 2006 89±4 40 Normal, 10 50 63.0 Glucose, 2h Standard Capillary,"
43,Thailand 2015*,90,Thailand 2015* 90±5 41
43,Thailand 2015*,91,"Thailand 2015* 91±4 41 Normal,"
43,Thailand 2015*,92,"Thailand 2015* 92±4 41 Normal,"
43,"cooker (NTUC Fairprice, Singapore) Singapore 2013",96,"cooker (NTUC Fairprice, Singapore) Singapore 2013 96±6 43 Normal, 12 50 63.2 Glucose, 3h21"
43,USA 2014*,106,"USA 2014* 106±13 48 Normal, 12 50 68.8 Glucose, 2h Standard Capillary,"
43,Thailand 2000,109,"Thailand 2000 109±10 49 Normal, 12 50 63.2 Glucose, 2h Standard Capillary,"
43,Thailand 2014*,115,"Thailand 2014* 115±7 52 Normal, 12 50 62.5 Glucose, 2h Standard Capillary,"
43,Thailand 2014*,116,"Thailand 2014* 116±11 52 Normal, 12 50 62.5 Glucose, 2h Standard Capillary,"
43,"Jasmine rice, white (mean)",89,"Jasmine rice, white, mean of 18 studies 89"
43,Australia 2016,51,"Australia 2016 51±5 23 Normal, 10 50 69.9 Glucose, 2h Standard Capillary,"
43,Australia 2006,54,"Australia 2006 54±4 24 Normal, 10 50 68.7 Glucose, 2h Standard Capillary,"
43,"brand, Rice Growers Co-op, Australia) Australia 2005",72,"brand, Rice Growers Co-op, Australia) Australia 2005 72±6 32 Normal, 9 50 69.8 Glucose, 2h Standard Capillary,"
44,620 Brown rice China 2005,87,"620 Brown rice China 2005 87±2 39 Normal, 10 50 NS Glucose, 2h Standard Venous, NS NS 12"
44,"621 Brown rice (SunRice, Ricegrowers Ltd., NSW, Australia) 13 Australia 2013*",65,"621 Brown rice (SunRice, Ricegrowers Ltd., NSW, Australia) 13 Australia 2013* 65±4 29"
44,"622 Brown rice (SunRice, Ricegrowers Ltd., NSW, Australia) 13 Australia 2013*",78,"622 Brown rice (SunRice, Ricegrowers Ltd., NSW, Australia) 13 Australia 2013* 78±5 35 Normal"
44,Taiwan 2010*,58,"Taiwan 2010* 58±0.2 26 Normal, 10 50 84 Bread, 2h Standard Capillary,"
44,"variety ""Bapatla"" (BPT-5204), pressure cooked for 8 min India 2017*",58,"variety ""Bapatla"" (BPT-5204), pressure cooked for 8 min India 2017* 58±7 26 Normal, 12 50 67 Glucose, 2h Standard Capillary,"
44,"(Effem Foods, USA) USA 2006",48,"(Effem Foods, USA) USA 2006 48±5 22 Normal, 10 50 179.5 Bread, 2h Standard Capillary,"
44,"(pouch) (Effem Foods, USA) USA 2006",45,"(pouch) (Effem Foods, USA) USA 2006 45±5 20 Normal, 10 50 192.1 Bread, 2h Standard Capillary,"
44,"Grain (pouch) (Effem Foods, USA) USA 2005",46,"Grain (pouch) (Effem Foods, USA) USA 2005 46±4 21 Normal, 10 50 192.3 Bread, 2h Standard Capillary,"
44,"(SunRice brand, Rice Growers Co -Op., Australia) Australia 2005",59,"(SunRice brand, Rice Growers Co -Op., Australia) Australia 2005 59±8 27 Normal, 10 50 147.1 Glucose, 2h Standard Capillary,"
44,"629 Long grain, white (Uncle Ben’s, Auckland, New Zealand) New Zealand 2000",56,"629 Long grain, white (Uncle Ben’s, Auckland, New Zealand) New Zealand 2000 56±7 25 Normal, 14 50 NS Glucose, 2h Standard Venous, plasma Enzymatic 27"
44,"Op., Australia) Australia 2005",59,"Op., Australia) Australia 2005 59±7 27 Normal, 10 50 66.2 Glucose, 2h Standard Capillary,"
44,"Products, Canada) Canada 1999",64,"Products, Canada) Canada 1999 64±3 29 Normal, 10 50 64.8 Glucose, 2h Standard Capillary,"
44,Canada 2001,69,"Canada 2001 69±3 31 Normal, 47 50 NS Glucose, 2h Standard Capillary, NS YSI or"
44,Canada 2001,76,"Canada 2001 76±13 34 Normal, 21 50 NS Glucose, 2h Standard Venous, NS Enzymatic 42"
44,cooked 15 min UK 2009*,47,"cooked 15 min UK 2009* 47±6 21 Normal, 10 50 64.6 Glucose, 2h Standard Capillary,"
45,"rice), cooked 15 min UK 2009*",47,"rice), cooked 15 min UK 2009* 47±8 21 Normal, 10 50 68.3 Glucose, 2h Standard Capillary,"
45,Australia 2018,49,"Australia 2018 49±4 22 Normal, 10 50 148.4 Glucose, 2h Standard Capillary,"
45,Australia) Australia 1995,94,"Australia) Australia 1995 94±7 42 Normal, 9 50 178 Bread, 2h"
45,"638 Instant rice, white, cooked 3 min China 2005",46,"638 Instant rice, white, cooked 3 min China 2005 46±3 21 Normal, 10 50 NS Glucose, 2h Standard Venous, NS NS 12"
45,"639 Instant rice, white, cooked 6 min China 2005",87,"639 Instant rice, white, cooked 6 min China 2005 87±2 39 Normal, 10 50 NS Glucose, 2h Standard Venous, NS NS 12"
45,"Rice, plain, Uncle Ben's, Masterfoods, UK) UK 2002",52,"Rice, plain, Uncle Ben's, Masterfoods, UK) UK 2002 52±5 23 Normal, 10 50 164.5 Glucose, 2h Standard Capillary,"
45,"Ben’s®, Masterfoods, Australia) Australia 2011",59,"Ben’s®, Masterfoods, Australia) Australia 2011 59±6 27 Normal, 9 50 162.3 Glucose, 2h Standard Capillary,"
45,"brand, Rice Growers Co-Op., Australia) Australia 2005",76,"brand, Rice Growers Co-Op., Australia) Australia 2005 76±7 34 Normal, 10 50 139.8 Glucose, 2h Standard Capillary,"
45,"for 40 sec (SunRice® brand, Rice Growers Co-Op., Australia) Australia 2020",45,"for 40 sec (SunRice® brand, Rice Growers Co-Op., Australia) Australia 2020 45±4 20 Normal, 10 50 148.4 Glucose, 2h Standard Capillary,"
45,"(Effem Foods, USA) USA 2003",49,"(Effem Foods, USA) USA 2003 49±3 22 Normal, 10 50 177.9 Glucose, 2h Standard Capillary,"
45,"(Effem Foods, USA) USA 2003",48,"(Effem Foods, USA) USA 2003 48±5 22 Normal, 10 50 162.8 Glucose, 2h Standard Capillary,"
45,"Espresso (Riso Gallo, Italy) Italy 2009",67,"Espresso (Riso Gallo, Italy) Italy 2009 67±8 30 Normal, 10 50 116 Glucose, 2h Standard Capillary,"
45,"Co-Op., Australia), heated in microwave Australia 2013",52,"Co-Op., Australia), heated in microwave Australia 2013 52±5 23 Normal, 10 50 168.9 Glucose, 2h Standard Capillary,"
45,Instant white rice (mean),60,"Instant white rice, mean of 12 foods 60"
45,"Co-Op., Australia) Australia 2005",69,"Co-Op., Australia) Australia 2005 69±7 31 Normal, 10 50 NS Glucose 2 h Standard Capillary,"
46,"Rice Growers Co-Op., Australia) Australia 2005",75,"Rice Growers Co-Op., Australia) Australia 2005 75±8 34 Normal, 10 50 63.5 Glucose, 2h Standard Capillary,"
46,"650 Moolgiri white rice (Tajmahal Agro Industries, India ) India 2005",54,"650 Moolgiri white rice (Tajmahal Agro Industries, India ) India 2005 54±5 24 Normal, 10 50 NS Glucose, 2h Standard Capillary,"
46,"651 White rice, NS China 2005",83,"651 White rice, NS China 2005 83±1 37 Normal, 12 50 NS Glucose, 2h Standard Venous, NS NS 12"
46,"variety ""Bapatla"" (BPT-5204), pressure cooked for 18 min India 2017*",80,"variety ""Bapatla"" (BPT-5204), pressure cooked for 18 min India 2017* 80±7 36 Normal, 12 50 76 Glucose, 2h Standard Capillary,"
46,"653 White rice, Carnaroli, regular (Scotti, Italy) Italy 2009",64,"653 White rice, Carnaroli, regular (Scotti, Italy) Italy 2009 64±11 29 Normal, 10 50 63 Glucose, 2h Standard Capillary,"
46,"654 White rice, Ponni, cooked in rice cooker for 33 min India 2012*",70,"654 White rice, Ponni, cooked in rice cooker for 33 min India 2012* 70±4 32 Normal, 23 50 236 Glucose, 2h Standard Capillary,"
46,for 30 min India 2013,81,"for 30 min India 2013 81±7 36 Normal, 25 50 63.6 Glucose, 2h Standard Capillary,"
46,for 30 min India 2014,77,"for 30 min India 2014 77±8 35 Normal, 15 50 65 Glucose, 2h Standard Capillary,"
46,35 min India 2012*,72,"35 min India 2012* 72±5 32 Normal, 23 50 235 Glucose, 2h Standard Capillary,"
46,32 min India 2012*,77,"32 min India 2012* 77±4 35 Normal, 23 50 259 Glucose, 2h Standard Capillary,"
46,31.6 g rice cooked with 250 mL water (COFCO China) Thailand 2016,80,"31.6 g rice cooked with 250 mL water (COFCO China) Thailand 2016 80±7 36 Normal, 10 25 250 Glucose, 2h Standard Capillary,"
46,"660 Rice porridge, NS China 2005",66,"660 Rice porridge, NS China 2005 66±5 30 Normal, 9 50 NS Glucose, 2h Standard Venous, NS NS 12"
46,"661 Rice porridge, NS China 2005",69,"661 Rice porridge, NS China 2005 69±6 31 Normal, 10 50 NS Glucose, 2h Standard Venous, NS NS 12"
46,"662 Rice porridge, NS Australia 2005",88,"662 Rice porridge, NS Australia 2005 88±5 40 Normal, 9 50 469.5 Glucose, 2h Standard Capillary,"
46,"663 Rice porridge, made from rice bran China 2005",19,"663 Rice porridge, made from rice bran China 2005 19±1 9 Normal, 9 50 NS Glucose, 2h Standard Venous, NS NS 12"
46,"664 Rice porridge, made from black rice China 2005",42,"664 Rice porridge, made from black rice China 2005 42±3 19 Normal, 9 50 NS Glucose, 2h Standard Venous, NS NS 12"
46,"665 Rice porridge, made from sticky rice China 2005",65,"665 Rice porridge, made from sticky rice China 2005 65±7 29 Normal, 9 50 NS Glucose, 2h Standard Venous, NS NS 12"
47,"Bangkok, Thailand) Thailand 2000",86,"Bangkok, Thailand) Thailand 2000 86±8 39 Normal, 11 50 63.2 Glucose, 2h Standard Capillary,"
47,"Meng Rice Co., Bangkok, Thailand) Thailand 2000",94,"Meng Rice Co., Bangkok, Thailand) Thailand 2000 94±6 42 Normal, 11 50 65.5 Glucose, 2h Standard Capillary,"
47,"Meng Rice Mill, Bangkok, Thailand) Thailand 2001",98,"Meng Rice Mill, Bangkok, Thailand) Thailand 2001 98±7 44 Normal, 12 50 65.5 Glucose, 2h Standard Capillary,"
47,"669 Guilin rice vermicelli (Chinese rice vermicelli), cook ed 8 min UK 2009*",37,"669 Guilin rice vermicelli (Chinese rice vermicelli), cook ed 8 min UK 2009* 37±8 17 Normal, 10 50 63.5 Glucose, 2h Standard Capillary,"
47,"670 Hassawi rice (Al-Hassa, Saudi Arabia) Saudi Arabia 2011*",59,"670 Hassawi rice (Al-Hassa, Saudi Arabia) Saudi Arabia 2011* 59±5 27 Normal, 10 25 95.6 Glucose, 2h Standard Capillary,"
47,cooked for 32 min India 2013,59,"cooked for 32 min India 2013 59±4 27 Normal, 25 50 67 Glucose, 2h Standard Capillary,"
47,for 32 min India 2013,64,"for 32 min India 2013 64±4 29 Normal, 25 50 100 Glucose, 2h Standard Capillary,"
47,Australia 2005,85,"Australia 2005 85±10 38 Normal, 10 50 66.2 Glucose, 2h Standard Capillary,"
47,8 min UK 2009*,40,"8 min UK 2009* 40±6 18 Normal, 10 50 63.5 Glucose, 2h Standard Capillary,"
47,"Op., Australia Australia 2005",73,"Op., Australia Australia 2005 73±7 33 Normal, 10 50 64.9 Glucose, 2h Standard Capillary,"
47,"(VitaRice, Mauritius) Mauritius 2010",48,"(VitaRice, Mauritius) Mauritius 2010 48±5 22 Normal, 10 50 73.5 Glucose, 2h Standard Capillary,"
47,"677 Red Raw rice, Sri Lankan, cooked in rice cooker Sri Lanka 2006",59,"677 Red Raw rice, Sri Lankan, cooked in rice cooker Sri Lanka 2006 59±4 27 Normal, 10 50 63.9 Glucose, 2h Standard Capillary,"
47,"678 Red rice, Thai, unpolished, cooked 25 min UK 2009*",76,"678 Red rice, Thai, unpolished, cooked 25 min UK 2009* 76±8 34 Normal, 10 50 67.4 Glucose, 2h Standard Capillary,"
47,"(Effem Foods, USA) USA 2003",51,"(Effem Foods, USA) USA 2003 51±4 23 Normal, 10 50 176.7 Glucose, 2h Standard Capillary,"
47,"(pouch) (Effem Foods, USA) USA 2005",48,"(pouch) (Effem Foods, USA) USA 2005 48±6 22 Normal, 10 50 205.1 Bread, 2h Standard Capillary,"
47,"Foods, USA) USA 2003",51,"Foods, USA) USA 2003 51±4 23 Normal, 10 50 170.7 Glucose, 2h Standard Capillary,"
47,682 Sticky rice China 2005,87,"682 Sticky rice China 2005 87±2 39 Normal, 10 50 NS Glucose, 2h Standard Venous, NS NS 12"
48,683 Sticky rice China 2005,88,"683 Sticky rice China 2005 88±2 40 Normal, 9 50 NS Glucose, 2h Standard Venous, NS NS 12"
48,"684 Sticky rice, high-amylose China 2005",50,"684 Sticky rice, high-amylose China 2005 50±2 23 Normal, 10 50 NS Glucose, 2h Standard Venous, NS NS 12"
48,"685 Sticky rice, Thai glutinous rice, cooked for 10 min UK 2009*",92,"685 Sticky rice, Thai glutinous rice, cooked for 10 min UK 2009* 92±8 41 Normal, 10 50 64.7 Glucose, 2h Standard Capillary,"
48,India 2017*,73,"India 2017* 73±5 33 Normal, 12 50 71 Glucose, 2h Standard Capillary,"
48,"Medley™ (pouch) (Effem Foods, USA) USA 2005",48,"Medley™ (pouch) (Effem Foods, USA) USA 2005 48±5 22 Normal, 10 50 206.8 Bread, 2h Standard Capillary,"
48,"Instant brown rice, cooked for 20 min India 2019*",88,"Instant brown rice, cooked for 20 min India 2019* 88±7 40 Normal, 15 50 76.9 Glucose, 2h Standard Capillary,"
48,"(Masterfoods, Belgium) Belgium 2000",64,"(Masterfoods, Belgium) Belgium 2000 64±7 29 Normal, 10 50 71.8 Glucose, 2h Standard Capillary,"
48,"690 Parboiled rice, long grain white Uncle Ben's ® Belgium 2011*",54,"690 Parboiled rice, long grain white Uncle Ben's ® Belgium 2011* 54±7 24 Normal, 10 25 45.9 Glucose, 2h Standard Capillary,"
48,"691 Parboiled, long-grain rice (Harlem Foods AS, Oslo) 11 Norway 2019*",57,"691 Parboiled, long-grain rice (Harlem Foods AS, Oslo) 11 Norway 2019* 57±5 26 Normal, 13 50 179.9 Glucose, 2h Standard Capillary,"
48,"Masterfoods, Belgium) Belgium 2000",68,"Masterfoods, Belgium) Belgium 2000 68±6 31 Normal, 10 50 65.8 Glucose, 2h Standard Capillary,"
48,"Masterfoods, Belgium) Belgium 2000",75,"Masterfoods, Belgium) Belgium 2000 75±7 34 Normal, 10 50 66.1 Glucose, 2h Standard Capillary,"
48,"694 Rice, parboiled, NS Canada 2010*",51,"694 Rice, parboiled, NS Canada 2010* 51±4 23 Normal, 10 50 63 Bread, 2h Standard Capillary,"
48,"695 Parboiled rice, NS (Riso Blond Risotti, Riso Gallo, I taly) Italy 2009",53,"695 Parboiled rice, NS (Riso Blond Risotti, Riso Gallo, I taly) Italy 2009 53±6 24 Normal, 10 50 59 Glucose, 2h Standard Capillary,"
48,"Zealand, NSW, Australia) 13 Australia 2013*",57,"Zealand, NSW, Australia) 13 Australia 2013* 57±3 26"
48,"Gallo, Italy) Italy 2009",61,"Gallo, Italy) Italy 2009 61±11 27 Normal, 10 50 64 Glucose, 2h Standard Capillary,"
48,"Zealand, NSW, Australia)13 Australia 2013*",72,"Zealand, NSW, Australia)13 Australia 2013* 72±5 32 Normal"
48,"(Masterfoods, Belgium) Belgium 2000",74,"(Masterfoods, Belgium) Belgium 2000 74±5 33 Normal, 10 50 62.1 Glucose, 2h Standard Capillary,"
49,"Gallo, Italy) Italy 2009",56,"Gallo, Italy) Italy 2009 56±6 25 Normal, 10 50 66 Glucose, 2h Standard Capillary,"
49,Parboiled rice (mean),64,"Parboiled rice, mean of 10 studies 64"
49,France) France 2000,52,"France) France 2000 52±4 23 Normal, 10 50 75.3 Glucose, 2h Standard Capillary,"
49,"702 Durum wheat, precooked, cooked 10 min (Ebly, France) France 2000",50,"702 Durum wheat, precooked, cooked 10 min (Ebly, France) France 2000 50±5 23 Normal, 10 50 75.3 Glucose, 2h Standard Capillary,"
49,France 2000,40,"France 2000 40±5 18 Normal, 10 50 159.2 Glucose, 2h Standard Capillary,"
49,"704 Wheat, pearled (Grano, Barilla, Italy) Italy 2009",72,"704 Wheat, pearled (Grano, Barilla, Italy) Italy 2009 72±8 32 Normal, 9 50 77 Glucose, 2h Standard Capillary,"
49,705 Whole wheat powder China 2005,42,"705 Whole wheat powder China 2005 42±2 19 Normal, 10 50 NS Glucose, 2h Standard Venous, NS NS 12"
49,"Plot 6:181), consumed suspended in 250 mL water Australia 2009",22,"Plot 6:181), consumed suspended in 250 mL water Australia 2009 22±3 10 Normal, 10 50 NS Glucose, 2h Standard Capillary,"
49,"(Coles Smart Buy Plain Flour, Coles Supermarkets Pty Ltd ) Australia 2009",20,"(Coles Smart Buy Plain Flour, Coles Supermarkets Pty Ltd ) Australia 2009 20±2 9 Normal, 10 50 68.9 Glucose, 2h Standard Capillary,"
49,China 2019,27,"China 2019 27±3 12 Normal, 10 50 87.1 Glucose, 2h Standard Capillary,"
49,"709 Mixed cereals powder, NS China 2005",58,"709 Mixed cereals powder, NS China 2005 58±1 26 Normal, 9 50 NS Glucose, 2h Standard Venous, NS NS 12"
49,"710 3 Cereals (rice, oat, kamut) (Riso Gallo, Italy) Italy 2009",41,"710 3 Cereals (rice, oat, kamut) (Riso Gallo, Italy) Italy 2009 41±6 18 Normal, 10 50 67 Glucose, 2h Standard Capillary,"
49,"711 3 Cereals (rice, spelt, barley) (Riso Gallo, Italy) Italy 2009",44,"711 3 Cereals (rice, spelt, barley) (Riso Gallo, Italy) Italy 2009 44±8 20 Normal, 10 50 65 Glucose, 2h Standard Capillary,"
49,"712 Cereal powder, various cereals NS China 2005",58,"712 Cereal powder, various cereals NS China 2005 58±1 26 Normal, 9 50 NS Glucose, 2h Standard Venous, NS NS 12"
49,boiled in water for 15 min Australia 2016,57,"boiled in water for 15 min Australia 2016 57±5 26 Normal, 10 50 76.9 Glucose, 2h Standard Capillary,"
49,"714 Spelt, pearled (Farro, Barilla, Italy) Italy 2009",63,"714 Spelt, pearled (Farro, Barilla, Italy) Italy 2009 63±10 28 Normal, 9 50 75 Glucose, 2h Standard Capillary,"
50,"Foods, Australia) Australia 2007",47,"Foods, Australia) Australia 2007 47±4 9 Normal, 10 50 78.7 Glucose, 2h Standard Capillary,"
50,"716 Barquette Abricot (LU, Ris, Orangis, France) France 2002",71,"716 Barquette Abricot (LU, Ris, Orangis, France) France 2002 71±6 14 Normal,"
50,Republic 2002,46,"Republic 2002 46±4 9 Normal, 12 50 72.2 Glucose, 2h Standard Capillary,"
50,Republic 2006,46,"Republic 2006 46±3 9 Normal, 12 50 72.0 Glucose, 2h Standard Capillary,"
50,2000,57,"2000 57±9 11 Normal, 11 50 NS Glucose, 2h Standard Capillary,"
50,Republic 2002,48,"Republic 2002 48±3 10 Normal, 12 50 69.0 Glucose, 2h Standard Capillary,"
50,Republic 2007,51,"Republic 2007 51±4 10 Normal, 12 50 71.4 Glucose, 2h Standard Capillary,"
50,2000,51,"2000 51±9 10 Normal, 11 50 NS Glucose, 2h Standard Capillary,"
50,Republic 2002,41,"Republic 2002 41±5 8 Normal, 12 50 70.4 Glucose, 2h Standard Capillary,"
50,Republic 2006,45,"Republic 2006 45±4 9 Normal, 12 50 71.5 Glucose, 2h Standard Capillary,"
50,Republic 2003,50,"Republic 2003 50±4 10 Normal, 12 50 70.4 Glucose, 2h Standard Capillary,"
50,2000,67,"2000 67±11 13 Normal, 11 50 NS Glucose, 2h Standard Capillary,"
50,"727 Better Choice Multicereals (LU, Denmark) Denmark 2004",51,"727 Better Choice Multicereals (LU, Denmark) Denmark 2004 51±4 10 Normal, 12 50 NS Glucose, 2h Standard Capillary,"
50,728 Better Choice Wholegrain (LU Denmark) Denmark 2004,46,"728 Better Choice Wholegrain (LU Denmark) Denmark 2004 46±3 9 Normal, 11 50 NS Glucose, 2h Standard Capillary,"
50,"729 Biscuit, Danone, NS China 2005",39,"729 Biscuit, Danone, NS China 2005 39±4 8 Normal, 9 50 NS Glucose, 2h Standard Venous, NS NS 12"
50,"730 Biscuit, Danone, NS China 2005",47,"730 Biscuit, Danone, NS China 2005 47±4 9 Normal, 9 50 NS Glucose, 2h Standard Venous, NS NS 12"
50,"731 Biscuit, NS China 2005",72,"731 Biscuit, NS China 2005 72±5 14 Normal, 9 50 NS Glucose, 2h Standard Venous, NS NS 12"
51,"732 Biscuit, thin, NS China 2005",81,"732 Biscuit, thin, NS China 2005 81±2 16 Normal, 9 50 NS Glucose, 2h Standard Venous, NS NS 12"
51,"Cereale Classico, Italy) 6 Italy 2005",49,"Cereale Classico, Italy) 6 Italy 2005 49±4 10 Normal, 10 50 85.9 Glucose, 2h Standard Capillary,"
51,"734 Biscuits, wheat flour, butter, cream (Macine, Italy) 6 Italy 2006",52,"734 Biscuits, wheat flour, butter, cream (Macine, Italy) 6 Italy 2006 52±7 10 Normal, 10 50 75.6 Glucose, 2h Standard Capillary,"
51,"(6.2%) (Molinetti, Italy) 6 Italy 2006",58,"(6.2%) (Molinetti, Italy) 6 Italy 2006 58±7 12 Normal, 10 50 77.3 Glucose, 2h Standard Capillary,"
51,"736 Biscuit, wholegrain USA 2018*",54,"736 Biscuit, wholegrain USA 2018* 54±5 11 Normal, 19 50 82 Glucose, 2h Standard Capillary,"
51,"737 Biscuits, wholegrain, filled with peanut butter USA 2018*",44,"737 Biscuits, wholegrain, filled with peanut butter USA 2018* 44±3 9 Normal, 19 50 102 Glucose, 2h Standard Capillary,"
51,Italy)25 Italy 2015*,37,"Italy)25 Italy 2015* 37±7 7 Normal, 10 50 66 Glucose, 2h Standard Capillary,"
51,flour Philippines 2002,44,"flour Philippines 2002 44±3 9 Normal, 10 50 NS Bread, 2h Standard Capillary,"
51,Germany)11 Germany 2016*,42,"Germany)11 Germany 2016* 42±4 8 Normal, 26 50 84.5 Bread, 2h Standard Venous, whole"
51,"741 Cookie, decreased GI variant (sugar -to-flour ratio: 0.45) Belgium 2010*",37,"741 Cookie, decreased GI variant (sugar -to-flour ratio: 0.45) Belgium 2010* 37±10 7 Normal, 10 25 62.5 Glucose, 2h Standard Venous,"
51,742 Digestives UK 2006,39,"742 Digestives UK 2006 39±5 8 Normal, 10 50 79.7 Glucose, 2h Standard Capillary,"
51,2000,66,"2000 66±12 13 Normal, 12 50 NS Glucose, 2h Standard Capillary,"
51,"744 Fior di Latte (Mulino Bianco, Barilla, Italy) Italy 2012",47,"744 Fior di Latte (Mulino Bianco, Barilla, Italy) Italy 2012 47±4 9 Normal, 9 50 70 Glucose, 2h Standard Capillary,"
51,"745 Gemme Integrali (Mulino Bianco, Barilla, Italy) Italy 2012",46,"745 Gemme Integrali (Mulino Bianco, Barilla, Italy) Italy 2012 46±6 9 Normal, 9 50 80 Glucose, 2h Standard Capillary,"
51,746 Gingerbread cookies Australia 2016,66,"746 Gingerbread cookies Australia 2016 66±4 13 Normal, 9 50 70.1 Glucose, 2h Standard Capillary,"
51,"747 Golden Flaxseed biscuits (SCIQ Biotech Pty Ltd, Austra lia) Australia 2020",36,"747 Golden Flaxseed biscuits (SCIQ Biotech Pty Ltd, Austra lia) Australia 2020 36±5 7 Normal, 10 50 106.2 Glucose, 2h Standard Capillary,"
51,"748 Gran Cereale Cioccolato (Grancereale, Barilla, Italy) Italy 2010",52,"748 Gran Cereale Cioccolato (Grancereale, Barilla, Italy) Italy 2010 52±10 10 Normal, 9 50 81 Glucose, 2h Standard Capillary,"
51,"749 Gran Cereale Frutta (Grancereale, Barilla, Italy) Italy 2010",51,"749 Gran Cereale Frutta (Grancereale, Barilla, Italy) Italy 2010 51±7 10 Normal, 9 50 87 Glucose, 2h Standard Capillary,"
52,"750 Gran Cereale Classico (Grancereale, Barilla, Italy) Italy 2005",49,"750 Gran Cereale Classico (Grancereale, Barilla, Italy) Italy 2005 49±4 10 Normal, 10 50 86 Glucose, 2h Standard Capillary,"
52,"751 Gran'Dia Banana, Oats and Honey (LU, Brazil) Brazil 2002",28,"751 Gran'Dia Banana, Oats and Honey (LU, Brazil) Brazil 2002 28±5 6 Normal,"
52,"752 Gran'Dia Chocolate with five cereals (Danone, Brazil) Brazil 2002",39,"752 Gran'Dia Chocolate with five cereals (Danone, Brazil) Brazil 2002 39±8 8 Normal,"
52,2000,55,"2000 55±6 11 Normal, 12 50 NS Glucose, 2h Standard Capillary,"
52,2000,50,"2000 50±5 10 Normal, 14 50 NS Glucose, 2h Standard Capillary,"
52,"755 Grany Rush Apricot (LU, Netherlands) Netherlands 2000",62,"755 Grany Rush Apricot (LU, Netherlands) Netherlands 2000 62±3 12 Normal, 12 50 NS Glucose, 2h Standard Capillary,"
52,"Shanghai, China) China 2019",55,"Shanghai, China) China 2019 55±6 11 Normal, 12 50 87.5 Glucose, 2h Standard Capillary,"
52,"Shanghai, China) China 2020",53,"Shanghai, China) China 2020 53±4 11 Normal, 12 50 78.1 Glucose, 2h Standard Capillary,"
52,Muesli (LU Hungary) Hungary 2002,45,"Muesli (LU Hungary) Hungary 2002 45±5 9 Normal, 11 50 69.3 Glucose, 2h Standard Capillary,"
52,Muesli (LU Hungary) Hungary 2003,49,"Muesli (LU Hungary) Hungary 2003 49±5 10 Normal, 11 50 69.3 Glucose, 2h Standard Capillary,"
52,Muesli (LU Hungary) Hungary 2004,47,"Muesli (LU Hungary) Hungary 2004 47±6 9 Normal, 12 50 69.3 Glucose, 2h Standard Capillary,"
52,"761 Jo Reggelt Fruits and Figs (LU, Hungary) Hungary 2004",41,"761 Jo Reggelt Fruits and Figs (LU, Hungary) Hungary 2004 41±6 8 Normal, 11 50 NS Glucose, 2h Standard Capillary,"
52,"762 Jubilee Nuts and Honey (LU, Russia) Russia 2002",44,"762 Jubilee Nuts and Honey (LU, Russia) Russia 2002 44±3 9 Normal, 11 50 72.1 Glucose, 2h Standard Capillary,"
52,"763 Jubilee Nuts and Honey (LU, Russia) Russia 2003",45,"763 Jubilee Nuts and Honey (LU, Russia) Russia 2003 45±4 9 Normal, 12 50 74.2 Glucose, 2h Standard Capillary,"
52,764 Jyväshyvä Paussi Mysli and Fruits (LU Finland) Finland 2002,45,"764 Jyväshyvä Paussi Mysli and Fruits (LU Finland) Finland 2002 45±5 9 Normal, 11 50 69.3 Glucose, 2h Standard Capillary,"
52,765 Jyväshyvä Paussi Mysli and Fruits (LU Finland) Finland 2003,49,"765 Jyväshyvä Paussi Mysli and Fruits (LU Finland) Finland 2003 49±5 10 Normal, 11 50 69.3 Glucose, 2h Standard Capillary,"
52,766 Jyväshyvä Paussi Mysli and Fruits (LU Finland) Finland 2004,47,"766 Jyväshyvä Paussi Mysli and Fruits (LU Finland) Finland 2004 47±6 9 Normal, 12 50 69.3 Glucose, 2h Standard Capillary,"
53,767 Jyväshyvä Paussi Vanilla (LU Finland) Finland 2004,55,"767 Jyväshyvä Paussi Vanilla (LU Finland) Finland 2004 55±7 11 Normal, 11 50 NS Glucose, 2h Standard Capillary,"
53,768 Jyväshyvä Paussi Vanilla (LU Finland) Finland 2006,39,"768 Jyväshyvä Paussi Vanilla (LU Finland) Finland 2006 39±4 8 Normal, 12 50 NS Glucose, 2h Standard Capillary,"
53,769 Jyväshyvä Paussi Wholegrain (LU Finland) Finland 2004,46,"769 Jyväshyvä Paussi Wholegrain (LU Finland) Finland 2004 46±3 9 Normal, 11 50 NS Glucose, 2h Standard Capillary,"
53,"Pty Ltd, Australia) Australia 2013",48,"Pty Ltd, Australia) Australia 2013 48±6 10 Normal, 10 50 81.3 Glucose, 2h Standard Capillary,"
53,"Nutrition, QLD, Australia) Australia 2004",35,"Nutrition, QLD, Australia) Australia 2004 35±7 7 Normal, 10 50 111.1 Glucose, 2h Standard Capillary,"
53,"772 LU P'tit Déjeuner Chocolat (LU, France) France 2002",42,"772 LU P'tit Déjeuner Chocolat (LU, France) France 2002 42±5 8 Normal,"
53,"773 LU P'tit Déjeuner Miel et Pépites Chocolat (LU, France) France 2002",45,"773 LU P'tit Déjeuner Miel et Pépites Chocolat (LU, France) France 2002 45±5 9 Normal,"
53,2000,49,"2000 49±8 10 Normal, 11 50 NS Glucose, 2h Standard Capillary,"
53,"775 LU P'tit Déjeuner Miel et Pépites Chocolat (LU, France) France 2000",52,"775 LU P'tit Déjeuner Miel et Pépites Chocolat (LU, France) France 2000 52±3 10 Normal, 12 50 76.1 Glucose, 2h Standard Capillary,"
53,"776 LU Petit Dejeuner, Chocolate, low in sugar (LU France) France 2004",51,"776 LU Petit Dejeuner, Chocolate, low in sugar (LU France) France 2004 51±7 10 Normal, 11 50 69.1 Glucose, 2h Standard Capillary,"
53,"777 LU Petit Dejeuner Chocolate & Cereals (LU, France) France 2003",46,"777 LU Petit Dejeuner Chocolate & Cereals (LU, France) France 2003 46±6 9 Normal, 11 50 70.7 Glucose, 2h Standard Capillary,"
53,"778 LU Petit Dejeuner Chocolate & Cereals (LU, France) France 2006",58,"778 LU Petit Dejeuner Chocolate & Cereals (LU, France) France 2006 58±6 12 Normal, 12 50 71.4 Glucose, 2h Standard Capillary,"
53,"(LU France, LU Belgium, LU Czech Republic) NS 2004",37,"(LU France, LU Belgium, LU Czech Republic) NS 2004 37±5 7 Normal, 11 50 NS Glucose, 2h Standard Capillary,"
53,"780 LU Petit Dejeuner Coconut, nuts and chocolate (LU Franc e) France 2005",55,"780 LU Petit Dejeuner Coconut, nuts and chocolate (LU Franc e) France 2005 55±6 11 Normal, 12 50 71.8 Glucose, 2h Standard Capillary,"
53,"781 LU Petit Dejeuner Coconut, nuts and chocolate (LU Franc e) France 2006",51,"781 LU Petit Dejeuner Coconut, nuts and chocolate (LU Franc e) France 2006 51±7 10 Normal, 12 50 74.1 Glucose, 2h Standard Capillary,"
53,782 LU Petit Dejeuner Fruits and Muesli (LU France) France 2002,45,"782 LU Petit Dejeuner Fruits and Muesli (LU France) France 2002 45±5 9 Normal, 11 50 69.3 Glucose, 2h Standard Capillary,"
53,783 LU Petit Dejeuner Fruits and Muesli (LU France) France 2003,49,"783 LU Petit Dejeuner Fruits and Muesli (LU France) France 2003 49±5 10 Normal, 11 50 69.3 Glucose, 2h Standard Capillary,"
54,784 LU Petit Dejeuner Fruits and Muesli (LU France) France 2004,47,"784 LU Petit Dejeuner Fruits and Muesli (LU France) France 2004 47±6 9 Normal, 12 50 69.3 Glucose, 2h Standard Capillary,"
54,785 LU Petit Dejeuner Honey & Chocolate chips (LU France) France 2003,47,"785 LU Petit Dejeuner Honey & Chocolate chips (LU France) France 2003 47±6 9 Normal, 11 50 70.7 Glucose, 2h Standard Capillary,"
54,786 LU Petit Dejeuner Honey & Chocolate chips (LU France) France 2006,46,"786 LU Petit Dejeuner Honey & Chocolate chips (LU France) France 2006 46±4 9 Normal, 11 50 71.6 Glucose, 2h Standard Capillary,"
54,NS 2004,55,"NS 2004 55±7 11 Normal, 11 50 72.7 Glucose, 2h Standard Capillary,"
54,NS 2006,39,"NS 2006 39±4 8 Normal, 12 50 74.1 Glucose, 2h Standard Capillary,"
54,"789 LU Petit Dejeuner Multicereals (LU France, LU Belgium) NS 2004",46,"789 LU Petit Dejeuner Multicereals (LU France, LU Belgium) NS 2004 46±3 9 Normal, 11 50 NS Glucose, 2h Standard Capillary,"
54,Belgium) NS 2004,41,"Belgium) NS 2004 41±6 8 Normal, 11 50 NS Glucose, 2h Standard Capillary,"
54,"791 LU Petit Dejeuner with Prunes (LU, France) France 2006",51,"791 LU Petit Dejeuner with Prunes (LU, France) France 2006 51±6 10 Normal, 12 50 74.5 Glucose, 2h Standard Capillary,"
54,"792 Macaroons, containing wheat flour and with coconut f lour Philippines 2002",32,"792 Macaroons, containing wheat flour and with coconut f lour Philippines 2002 32±2 6 Normal, 10 50 NS Bread, 2h Standard Capillary,"
54,"793 Maltmeal wafer (Griffin's Foods Ltd., New Zealand) New Zealand 2000",50,"793 Maltmeal wafer (Griffin's Foods Ltd., New Zealand) New Zealand 2000 50±10 10 Normal, 10 50 NS Glucose, 2h Standard Venous, plasma Enzymatic 27"
54,"Edmonton. AB, Canada) Canada 2009*",43,"Edmonton. AB, Canada) Canada 2009* 43±3 9 Normal,"
54,"Edmonton. AB, Canada) Canada 2009*",42,"Edmonton. AB, Canada) Canada 2009* 42±2 8 Normal,"
54,"Edmonton. AB, Canada) Canada 2009*",42,"Edmonton. AB, Canada) Canada 2009* 42±3 8"
54,"Edmonton. AB, Canada) Canada 2009*",42,"Edmonton. AB, Canada) Canada 2009* 42±3 8"
54,"Edmonton. AB, Canada) Canada 2009*",42,"Edmonton. AB, Canada) Canada 2009* 42±3 8 Normal,"
54,"Edmonton. AB, Canada) Canada 2009*",43,"Edmonton. AB, Canada) Canada 2009* 43±3 9 Normal,"
55,"Edmonton. AB, Canada) Canada 2009*",43,"Edmonton. AB, Canada) Canada 2009* 43±3 9 Normal,"
55,"Edmonton. AB, Canada) Canada 2009*",41,"Edmonton. AB, Canada) Canada 2009* 41±3 8"
55,"802 Nutrigrain Fruits des bois (Kellogg's, France) France 2000",57,"802 Nutrigrain Fruits des bois (Kellogg's, France) France 2000 57±4 11 Normal, 12 50 79.7 Glucose, 2h Standard Capillary,"
55,803 Oat biscuit UK 2006,45,"803 Oat biscuit UK 2006 45±7 9 Normal, 10 50 82.2 Glucose, 2h Standard Capillary,"
55,804 Oat biscuit China 2005,55,"804 Oat biscuit China 2005 55±1 11 Normal, 10 50 NS Glucose, 2h Standard Venous, NS NS 12"
55,"Oatcakes Ltd, Edinburgh, Scotland) UK 2007",55,"Oatcakes Ltd, Edinburgh, Scotland) UK 2007 55±6 11 Normal, 10 50 73.5 Glucose, 2h Standard Capillary,"
55,"806 Oro (Saiwa, Italy) Italy 2002",61,"806 Oro (Saiwa, Italy) Italy 2002 61±9 12 Normal,"
55,"807 Pavesini (Pavesi, Barilla, Italy) Italy 2004",52,"807 Pavesini (Pavesi, Barilla, Italy) Italy 2004 52±5 10 Normal, 10 25 57 Glucose, 2h Standard Capillary,"
55,"808 Petiki Go ! Fruits and Muesli (LU, Poland) Poland 2002",45,"808 Petiki Go ! Fruits and Muesli (LU, Poland) Poland 2002 45±5 9 Normal, 11 50 69.3 Glucose, 2h Standard Capillary,"
55,"809 Petiki Go ! Fruits and Muesli (LU, Poland) Poland 2003",49,"809 Petiki Go ! Fruits and Muesli (LU, Poland) Poland 2003 49±5 10 Normal, 11 50 69.3 Glucose, 2h Standard Capillary,"
55,"810 Petiki Go ! Fruits and Muesli (LU, Poland) Poland 2004",47,"810 Petiki Go ! Fruits and Muesli (LU, Poland) Poland 2004 47±6 9 Normal, 12 50 69.3 Glucose, 2h Standard Capillary,"
55,"811 Petit brun extra (LU, France) France 2002",77,"811 Petit brun extra (LU, France) France 2002 77±12 15 Normal,"
55,"812 Petit LU Normand (LU, France) France 2000",51,"812 Petit LU Normand (LU, France) France 2000 51±3 10 Normal, 12 50 NS Glucose, 2h Standard Capillary,"
55,"813 Petit LU Roussillon (LU, France) France 2000",48,"813 Petit LU Roussillon (LU, France) France 2000 48±4 10 Normal, 12 50 NS Glucose, 2h Standard Capillary,"
55,2007,60,"2007 60±4 12 Normal, 10 50 NS Bread, 2h Standard Capillary,"
55,2007,62,"2007 62±7 12 Normal, 10 50 NS Bread, 2h Standard Capillary,"
56,2007,64,"2007 64±5 13 Normal, 10 50 NS Bread, 2h Standard Capillary,"
56,"817 Prince Energie+ (LU, France) France 2000",73,"817 Prince Energie+ (LU, France) France 2000 73±5 15 Normal, 12 50 NS Glucose, 2h Standard Capillary,"
56,2000,50,"2000 50±5 10 Normal, 12 50 NS Glucose, 2h Standard Capillary,"
56,2000,53,"2000 53±5 11 Normal, 13 50 NS Glucose, 2h Standard Capillary,"
56,"820 Prince gout chocolat (LU, France) France 2002",53,"820 Prince gout chocolat (LU, France) France 2002 53±5 11 Normal,"
56,"821 Prince Petit Déj Cereals (LU, France) France 2003",52,"821 Prince Petit Déj Cereals (LU, France) France 2003 52±7 10 Normal, 12 50 NS Glucose, 2h Standard Capillary,"
56,"822 Prince Petit Déj Cereals and Chocolate (LU, France) France 2004",51,"822 Prince Petit Déj Cereals and Chocolate (LU, France) France 2004 51±5 10 Normal, 12 50 71.8 Glucose, 2h Standard Capillary,"
56,2000,45,"2000 45±6 9 Normal, 12 50 NS Glucose, 2h Standard Capillary,"
56,"824 Principe megamanana vanilla (LU, Spain) Spain 2002",45,"824 Principe megamanana vanilla (LU, Spain) Spain 2002 45±6 9 Normal,"
56,825 Rich Tea UK 2006,40,"825 Rich Tea UK 2006 40±5 8 Normal, 10 50 70.2 Glucose, 2h Standard Capillary,"
56,826 Rotary-Molded biscuit11 France 2019*,48,"826 Rotary-Molded biscuit11 France 2019* 48±4 10 Normal, 15 50 67.4 Glucose, 2h Standard Capillary,"
56,827 Rotary-Molded biscuit11 France 2019*,47,"827 Rotary-Molded biscuit11 France 2019* 47±4 9 Normal, 15 50 67.4 Glucose, 2h Standard Capillary,"
56,828 Rotary-Molded biscuit11 France 2019*,45,"828 Rotary-Molded biscuit11 France 2019* 45±6 9 Normal, 13 50 67.4 Glucose, 2h Standard Capillary,"
56,2000,57,"2000 57±10 11 Normal, 12 50 NS Glucose, 2h Standard Capillary,"
56,830 Sandwich Rotary-Molded biscuit11 France 2019*,44,"830 Sandwich Rotary-Molded biscuit11 France 2019* 44±4 9 Normal, 15 50 63.8 Glucose, 2h Standard Capillary,"
56,831 Sandwich Rotary-Molded biscuit11 France 2019*,56,"831 Sandwich Rotary-Molded biscuit11 France 2019* 56±4 11 Normal, 15 50 63.8 Glucose, 2h Standard Capillary,"
56,832 Sandwich Rotary-Molded biscuit11 France 2019*,52,"832 Sandwich Rotary-Molded biscuit11 France 2019* 52±7 10 Normal, 13 50 63.8 Glucose, 2h Standard Capillary,"
57,"833 Segreti di Bosco (Mulino Bianco, Barilla, Italy) Italy 2012",53,"833 Segreti di Bosco (Mulino Bianco, Barilla, Italy) Italy 2012 53±7 11 Normal, 9 50 73 Glucose, 2h Standard Capillary,"
57,Australia) Australia 2002,43,"Australia) Australia 2002 43±3 9 Normal, 10 50 76.2 Glucose, 2h Standard Capillary,"
57,Australia) Australia 2002,45,"Australia) Australia 2002 45±3 9 Normal, 10 50 76.2 Glucose, 2h Standard Capillary,"
57,"836 Snack Right Fruit Pillow, Wild berry (Arnott's, Austra lia) Australia 2002",52,"836 Snack Right Fruit Pillow, Wild berry (Arnott's, Austra lia) Australia 2002 52±3 10 Normal, 10 50 70.8 Glucose, 2h Standard Capillary,"
57,Australia) Australia 2002,49,"Australia) Australia 2002 49±3 10 Normal, 10 50 70.1 Glucose, 2h Standard Capillary,"
57,"838 Snack Right Fruit Slice, Mixed berry (Arnott's, Austra lia) Australia 2002",50,"838 Snack Right Fruit Slice, Mixed berry (Arnott's, Austra lia) Australia 2002 50±3 10 Normal, 10 50 70.7 Glucose, 2h Standard Capillary,"
57,"(Arnott's, Australia) Australia 2002",48,"(Arnott's, Australia) Australia 2002 48±2 10 Normal, 10 50 72.7 Glucose, 2h Standard Capillary,"
57,Australia) Australia 2002,45,"Australia) Australia 2002 45±3 9 Normal, 10 50 75.6 Glucose, 2h Standard Capillary,"
57,841 Sweet biscuit UK 2007,47,841 Sweet biscuit UK 2007 47±6 9
57,842 Sweet biscuit UK 2007,63,842 Sweet biscuit UK 2007 63±4 13 Normal
57,843 Sweetmeal biscuit UK 2007,39,843 Sweetmeal biscuit UK 2007 39±4 8
57,844 Sweetmeal biscuit UK 2007,42,844 Sweetmeal biscuit UK 2007 42±4 8 Normal
57,"845 Thé (LU, France) France 202",41,"845 Thé (LU, France) France 202 41±7 8 Normal,"
57,"846 Véritable Petit Beurre (LU, France) France 2002",51,"846 Véritable Petit Beurre (LU, France) France 2002 51±8 10 Normal,"
57,"847 Véritable Petit Beurre (LU, France) France 2002",54,"847 Véritable Petit Beurre (LU, France) France 2002 54±5 11 Normal, 12 50 65.1 Glucose, 2h Standard Capillary,"
57,"848 Véritable Petit Beurre (LU, France) France 2006",54,"848 Véritable Petit Beurre (LU, France) France 2006 54±6 11 Normal, 11 50 63.3 Glucose, 2h Standard Capillary,"
57,"849 Vitasnella frollini (Saiwa, Italy) Italy 2002",59,"849 Vitasnella frollini (Saiwa, Italy) Italy 2002 59±10 12 Normal,"
58,"850 BBQ Shapes, savory crackers (Arnott’s Pty Ltd, Austra lia) Australia 2010",48,"850 BBQ Shapes, savory crackers (Arnott’s Pty Ltd, Austra lia) Australia 2010 48±4 7 Normal, 10 50 79.0 Glucose, 2h Standard Capillary,"
58,"851 Choice grain crackers (Jacob’s Bakery, UK) UK 2006",49,"851 Choice grain crackers (Jacob’s Bakery, UK) UK 2006 49±7 7 Normal, 10 50 76.3 Glucose, 2h Standard Capillary,"
58,Italy 2012,53,"Italy 2012 53±5 8 Normal, 10 50 82 Glucose, 2h Standard Capillary,"
58,"Peters, Australia) Australia 2000",87,"Peters, Australia) Australia 2000 87±10 13 Normal, 10 50 68.8 Glucose, 2h Standard Capillary,"
58,854 Cracker11 France 2019*,51,"854 Cracker11 France 2019* 51±4 8 Normal, 15 50 75.9 Glucose, 2h Standard Capillary,"
58,855 Cracker11 France 2019*,61,"855 Cracker11 France 2019* 61±5 9 Normal, 15 50 75.9 Glucose, 2h Standard Capillary,"
58,856 Cracker11 France 2019*,60,"856 Cracker11 France 2019* 60±5 9 Normal, 13 50 75.9 Glucose, 2h Standard Capillary,"
58,"grano, Mulino Bianco, Barilla, Italy) Italy 2010",63,"grano, Mulino Bianco, Barilla, Italy) Italy 2010 63±5 9 Normal, 10 50 81 Glucose, 2h Standard Capillary,"
58,"di grano, Mulino Bianco, Barilla, Italy) Italy 2010",63,"di grano, Mulino Bianco, Barilla, Italy) Italy 2010 63±8 9 Normal, 10 50 72 Glucose, 2h Standard Capillary,"
58,"859 Cream cracker (LU Triumfo, Brazil) Brazil 2002",64,"859 Cream cracker (LU Triumfo, Brazil) Brazil 2002 64±11 10 Normal,"
58,"860 Grain cracker (Bestore, Wuhan, China) China 2020",25,"860 Grain cracker (Bestore, Wuhan, China) China 2020 25±2 4 Normal, 12 50 100 Glucose, 2h Standard Capillary,"
58,"(Panmonviso, Italy) Italy 2008",52,"(Panmonviso, Italy) Italy 2008 52±5 8 Normal, 12 50 110 Glucose, 2h Standard Capillary,"
58,Italy) Italy 2004,66,"Italy) Italy 2004 66±7 10 Normal, 10 50 68 Glucose, 2h Standard Capillary,"
58,"863 Protein cracker, Cheese (Herman Brot Pty Ltd, Australia) Australia 2019",22,"863 Protein cracker, Cheese (Herman Brot Pty Ltd, Australia) Australia 2019 22±2 3 Normal, 10 25 174.6 Glucose, 2h Standard Capillary,"
58,Australia) Australia 2019,31,"Australia) Australia 2019 31±3 5 Normal, 10 25 116.8 Glucose, 2h Standard Capillary,"
59,"865 Protein cracker, Natural (Herman Brot Pty Ltd, Australia) Australia 2019",24,"865 Protein cracker, Natural (Herman Brot Pty Ltd, Australia) Australia 2019 24±3 4 Normal, 10 25 139.1 Glucose, 2h Standard Capillary,"
59,"866 Protein cracker, Olive (Herman Brot Pty Ltd, Australia) Australia 2019",29,"866 Protein cracker, Olive (Herman Brot Pty Ltd, Australia) Australia 2019 29±4 4 Normal, 10 25 102.3 Glucose, 2h Standard Capillary,"
59,"867 Protein cracker, Spicy (Herman Brot Pty Ltd, Australia) Australia 2019",26,"867 Protein cracker, Spicy (Herman Brot Pty Ltd, Australia) Australia 2019 26±3 4 Normal, 10 25 100.1 Glucose, 2h Standard Capillary,"
59,"868 Protein cracker, Zatar (Herman Brot Pty Ltd, Australia) Australia 2019",27,"868 Protein cracker, Zatar (Herman Brot Pty Ltd, Australia) Australia 2019 27±3 4 Normal, 10 25 106.8 Glucose, 2h Standard Capillary,"
59,"869 High-calcium cracker (Jacob’s, Malaysia) Malaysia 2002",52,"869 High-calcium cracker (Jacob’s, Malaysia) Malaysia 2002 52±8 8 Normal,"
59,Italy)6 Italy 2005,64,"Italy)6 Italy 2005 64±11 10 Normal, 10 50 66.3 Glucose, 2h Standard Capillary,"
59,Italy 2012,45,"Italy 2012 45±5 7 Normal, 9 50 72 Glucose, 2h Standard Capillary,"
59,Italy 2009,47,"Italy 2009 47±6 7 Normal, 10 50 111 Glucose, 2h Standard Capillary,"
59,Italy 2005,73,"Italy 2005 73±9 11 Normal, 9 50 72 Glucose, 2h Standard Capillary,"
59,Italy 2007,69,"Italy 2007 69±8 10 Normal, 9 50 67 Glucose, 2h Standard Capillary,"
59,875 9 Grain cracker Australia 2013,68,"875 9 Grain cracker Australia 2013 68±5 10 Normal, 10 50 80.3 Glucose, 2h Standard Capillary,"
59,2007,65,"2007 65±6 10 Normal, 10 50 NS Bread, 2h Standard Capillary,"
59,2007,60,"2007 60±6 9 Normal, 10 50 NS Bread, 2h Standard Capillary,"
59,2007,56,"2007 56±7 8 Normal, 10 50 NS Bread, 2h Standard Capillary,"
59,2007,65,"2007 65±7 10 Normal, 10 50 NS Bread, 2h Standard Capillary,"
60,"Co-op, Australia) Australia 1995",91,"Co-op, Australia) Australia 1995 91±7 14 Normal, 9 50 61 Bread, 2h"
60,"Growers Co-op, Australia) Australia 1995",61,"Growers Co-op, Australia) Australia 1995 61±5 9 Normal, 9 50 63 Bread, 2h"
60,"882 Puffed rice cakes, caramel flavored USA 2002",82,"882 Puffed rice cakes, caramel flavored USA 2002 82±10 12 Normal, 10 25 28.1 Glucose, 2h Standard Capillary,"
60,"883 Rice cracker, plain (Sakada, Japan) Japan 2003",91,"883 Rice cracker, plain (Sakada, Japan) Japan 2003 91±11 14 Normal, 10 50 NS Rice17, 2h Standard Capillary,"
60,884 Rye crackers with oats UK 2006,64,"884 Rye crackers with oats UK 2006 64±11 10 Normal, 10 50 78.6 Glucose, 2h Standard Capillary,"
60,885 Rye crackers with sesame UK 2006,57,"885 Rye crackers with sesame UK 2006 57±12 9 Normal, 10 50 77.0 Glucose, 2h Standard Capillary,"
60,"Foods, North Ryde, Australia) Australia 2007",46,"Foods, North Ryde, Australia) Australia 2007 46±7 7 Normal, 10 50 NS Glucose, 2h Standard Capillary,"
60,"Foods, North Ryde, Australia) Australia 2007",48,"Foods, North Ryde, Australia) Australia 2007 48±8 7 Normal, 10 50 NS Glucose, 2h Standard Capillary,"
60,888 Wholewheat crackers with pumpkin and thyme UK 2006,36,"888 Wholewheat crackers with pumpkin and thyme UK 2006 36±3 5 Normal, 10 50 81.6 Glucose, 2h Standard Capillary,"
60,889 Wholegrain crackers with sesame seeds and rosemary UK 2006,53,"889 Wholegrain crackers with sesame seeds and rosemary UK 2006 53±8 8 Normal, 10 50 80.3 Glucose, 2h Standard Capillary,"
60,"890 Wholewheat sticks, crunchy, yeast extract flavored UK 2006",50,"890 Wholewheat sticks, crunchy, yeast extract flavored UK 2006 50±8 8 Normal, 10 50 87.3 Glucose, 2h Standard Capillary,"
60,2007,29,"2007 29±4 6 Normal, 10 50 520.8 Glucose, 2h Standard Capillary,"
60,"(Nestlé, Australia) Australia 1999",35,"(Nestlé, Australia) Australia 1999 35±2 7 Normal, 10 25 NS Glucose, 2h Standard Capillary,"
60,"893 Reduced-fat custard, TRIM™ (Pauls Ltd, Brisbane, Australia) Australia 1999",37,"893 Reduced-fat custard, TRIM™ (Pauls Ltd, Brisbane, Australia) Australia 1999 37±4 7 Normal, 10 50 347.2 Bread, 2h Standard Capillary,"
61,2007,30,"2007 30±3 6 Normal, 11 50 625.0 Glucose, 2h Standard Capillary,"
61,"895 Crème fraiche dessert, peach (Finest, UK) UK 2005",28,"895 Crème fraiche dessert, peach (Finest, UK) UK 2005 28±8 6 Normal, 9 25 320.5 Glucose, 2h Standard Capillary,"
61,"896 Crème fraiche dessert, raspberry (Finest, UK) UK 2005",30,"896 Crème fraiche dessert, raspberry (Finest, UK) UK 2005 30±7 6 Normal, 10 25 446.4 Glucose, 2h Standard Capillary,"
61,"897 Fromage Frais, red fruit: blackcurrant (Healthy Living , UK) UK 2005",22,"897 Fromage Frais, red fruit: blackcurrant (Healthy Living , UK) UK 2005 22±5 4 Normal, 10 25 416.7 Glucose, 2h Standard Capillary,"
61,"898 Fromage Frais, red fruit: raspberry (Healthy Living, UK) UK 2005",31,"898 Fromage Frais, red fruit: raspberry (Healthy Living, UK) UK 2005 31±8 6 Normal, 10 25 441.2 Glucose, 2h Standard Capillary,"
61,"899 Fromage Frais, red fruit: red cherry (Healthy Living, UK) UK 2005",25,"899 Fromage Frais, red fruit: red cherry (Healthy Living, UK) UK 2005 25±6 5 Normal, 10 25 416.7 Glucose, 2h Standard Capillary,"
61,"900 Fromage Frais, red fruit: strawberry (Healthy Living, UK) UK 2005",29,"900 Fromage Frais, red fruit: strawberry (Healthy Living, UK) UK 2005 29±9 6 Normal, 9 25 454.5 Glucose, 2h Standard Capillary,"
61,"Living, UK) UK 2005",19,"Living, UK) UK 2005 19±6 4 Normal, 9 25 428.6 Glucose, 2h Standard Capillary,"
61,"Melbourne, Australia) Australia 2005",34,"Melbourne, Australia) Australia 2005 34±5 7 Normal, 10 50 337.8 Glucose, 2h Standard Capillary,"
61,"Melbourne, Australia) Australia 2005",37,"Melbourne, Australia) Australia 2005 37±6 7 Normal, 10 50 357.1 Glucose, 2h Standard Capillary,"
61,"Ltd, Melbourne, Australia) Australia 2005",34,"Ltd, Melbourne, Australia) Australia 2005 34±5 7 Normal, 10 50 340.1 Glucose, 2h Standard Capillary,"
61,"Melbourne, Australia) Australia 2005",34,"Melbourne, Australia) Australia 2005 34±3 7 Normal, 10 50 342.5 Glucose, 2h Standard Capillary,"
61,"Melbourne, Australia) Australia 2005",34,"Melbourne, Australia) Australia 2005 34±3 7 Normal, 10 50 359.7 Glucose, 2h Standard Capillary,"
61,"Melbourne, Australia) Australia 2005",37,"Melbourne, Australia) Australia 2005 37±6 7 Normal, 10 50 352.1 Glucose, 2h Standard Capillary,"
61,"Melbourne, Australia) Australia 2005",47,"Melbourne, Australia) Australia 2005 47±6 9 Normal, 10 50 226.2 Glucose, 2h Standard Capillary,"
61,Fromage frais (mean),32,"Fromage frais, mean of 12 foods 32"
62,"Supa Sundaes Pty Ltd, Australia) Australia 2006",24,"Supa Sundaes Pty Ltd, Australia) Australia 2006 24±6 5 Normal, 10 50 331.1 Glucose, 2h Standard Capillary,"
62,"Products, VIC, Australia) Australia 2005",36,"Products, VIC, Australia) Australia 2005 36±5 7 Normal, 10 50 193.8 Glucose, 2h Standard Capillary,"
62,"Cream Products, VIC, Australia) Australia 2005",27,"Cream Products, VIC, Australia) Australia 2005 27±3 5 Normal, 10 50 194.6 Glucose, 2h Standard Capillary,"
62,"(Regal Cream Products, VIC, Australia) Australia 2005",27,"(Regal Cream Products, VIC, Australia) Australia 2005 27±3 5 Normal, 10 50 198.4 Glucose, 2h Standard Capillary,"
62,"Cream Products, Australia) Australia 2005",30,"Cream Products, Australia) Australia 2005 30±4 6 Normal, 10 50 196.9 Glucose, 2h Standard Capillary,"
62,"(Nestlé Peter's, Australia) Australia 2004",55,"(Nestlé Peter's, Australia) Australia 2004 55±3 11 Normal, 10 50 160.8 Glucose, 2h Standard Capillary,"
62,"(Norco, Australia) Australia 2001",47,"(Norco, Australia) Australia 2001 47±5 9 Normal, 10 25 133.0 Glucose, 2h Standard Capillary,"
62,"(Norco, Australia) Australia 2001",37,"(Norco, Australia) Australia 2001 37±4 7 Normal, 10 25 106.4 Glucose, 2h Standard Capillary,"
62,"(Norco, Australia) Australia 2001",37,"(Norco, Australia) Australia 2001 37±3 7 Normal, 10 25 118.5 Glucose, 2h Standard Capillary,"
62,"918 Ice cream, low-fat, vanilla, 'Light' (Nestlé Peter's, Australia) Australia 2",46,"918 Ice cream, low-fat, vanilla, 'Light' (Nestlé Peter's, Australia) Australia 2003 46±5 9 Normal, 10 50 172.4 Glucose, 2h Standard Capillary,"
62,USA) USA 2017,32,"USA) USA 2017 32±4 6 Normal, 10 50 NS Bread, 2h Standard Capillary,"
62,"920 Ice cream, low-fat, Chocolate Toffee flavor (ProYo, USA) USA 2017",25,"920 Ice cream, low-fat, Chocolate Toffee flavor (ProYo, USA) USA 2017 25±2 5 Normal, 10 50 NS Bread, 2h Standard Capillary,"
62,"921 Ice cream, low-fat, Coconut flavor (ProYo, USA) USA 2017",39,"921 Ice cream, low-fat, Coconut flavor (ProYo, USA) USA 2017 39±5 8 Normal, 10 50 NS Bread, 2h Standard Capillary,"
62,"922 Ice cream, low-fat, Dutch Chocolate flavor (ProYo, USA) USA 2017",34,"922 Ice cream, low-fat, Dutch Chocolate flavor (ProYo, USA) USA 2017 34±6 7 Normal, 10 50 NS Bread, 2h Standard Capillary,"
62,"923 Ice cream, low-fat, Mint Chip flavor (ProYo, USA) USA 2017",34,"923 Ice cream, low-fat, Mint Chip flavor (ProYo, USA) USA 2017 34±6 7 Normal, 10 50 NS Bread, 2h Standard Capillary,"
62,"924 Ice cream, low-fat, Mocha flavor (ProYo, USA) USA 2017",37,"924 Ice cream, low-fat, Mocha flavor (ProYo, USA) USA 2017 37±5 7 Normal, 10 50 NS Bread, 2h Standard Capillary,"
62,"925 Ice cream, low-fat, Vanilla Bean flavor (ProYo, USA) USA 2017",39,"925 Ice cream, low-fat, Vanilla Bean flavor (ProYo, USA) USA 2017 39±5 8 Normal, 10 50 NS Bread, 2h Standard Capillary,"
62,"Ice-cream, reduced- or low-fat (mean)",36,"Ice-cream, reduced- or low-fat, mean of 17 foods 36"
63,Australia 2000,37,"Australia 2000 37±3 7 Normal, 10 50 263.2 Glucose, 2h Standard Capillary,"
63,Australia 2000,38,"Australia 2000 38±3 8 Normal, 10 50 277.8 Glucose, 2h Standard Capillary,"
63,"with a plain cone (Wendy's Supa Sundaes Pty Ltd, Aust ralia) Australia 2006",44,"with a plain cone (Wendy's Supa Sundaes Pty Ltd, Aust ralia) Australia 2006 44±7 9 Normal, 10 50 276.1 Glucose, 2h Standard Capillary,"
63,"a waffle cone (Wendy's Supa Sundaes Pty Ltd, Australia) Australia 2006",55,"a waffle cone (Wendy's Supa Sundaes Pty Ltd, Australia) Australia 2006 55±6 11 Normal, 10 50 199.9 Glucose, 2h Standard Capillary,"
63,"Foods, Newtown, Australia) Australia 2002",37,"Foods, Newtown, Australia) Australia 2002 37±5 7 Normal, 10 50 185.9 Glucose, 2h Standard Capillary,"
63,"Newtown, Australia) Australia 2002",39,"Newtown, Australia) Australia 2002 39±4 8 Normal, 10 50 182.5 Glucose, 2h Standard Capillary,"
63,"(Nestlé Peter's, Australia) Australia 2007",59,"(Nestlé Peter's, Australia) Australia 2007 59±4 12 Normal, 9 50 216.5 Glucose, 2h Standard Capillary,"
63,"933 Kefir, low-fat, plain (Lifeway Foods, Chicago, USA) USA 2012*",36,"933 Kefir, low-fat, plain (Lifeway Foods, Chicago, USA) USA 2012* 36±9 4 Normal, 10 25 667 Glucose, 2h Standard Capillary,"
63,"934 Kefir, low-fat strawberry (Lifeway Foods, Chicago, USA) USA 2012*",60,"934 Kefir, low-fat strawberry (Lifeway Foods, Chicago, USA) USA 2012* 60±10 12 Normal, 10 50 546 Glucose, 2h Standard Capillary,"
63,"935 Kefir, orange flavor (Lifeway Foods, Chicago, USA) USA 2012*",48,"935 Kefir, orange flavor (Lifeway Foods, Chicago, USA) USA 2012* 48±10 10 Normal, 10 50 548 Glucose, 2h Standard Capillary,"
63,"936 Milk, condensed, sweetened (Nestlé, Australia) Australia 2000",61,"936 Milk, condensed, sweetened (Nestlé, Australia) Australia 2000 61±6 6 Normal, 11 50 90.2 Glucose, 2h Standard Capillary,"
63,"937 Full-fat, milk Australia 2018",30,"937 Full-fat, milk Australia 2018 30±3 3 Normal, 13 25 548.5 Glucose, 2h Standard Capillary,"
63,"938 Full-fat, pasteurized, fresh, organic milk (Arla, UK) UK 2005",34,"938 Full-fat, pasteurized, fresh, organic milk (Arla, UK) UK 2005 34±6 3 Normal, 9 25 520.8 Glucose, 2h Standard Capillary,"
63,"(Dairy Crest, UK) UK 2005",46,"(Dairy Crest, UK) UK 2005 46±10 5 Normal, 10 25 531.9 Glucose, 2h Standard Capillary,"
64,"940 Banana, honey and malt flavored milk Australia 2002",31,"940 Banana, honey and malt flavored milk Australia 2002 31±4 6 Normal, 10 50 555.5 Glucose, 2h Standard Capillary,"
64,"Foods Ltd, Australia) Australia 2005",32,"Foods Ltd, Australia) Australia 2005 32±4 6 Normal, 10 50 510.2 Glucose, 2h Standard Capillary,"
64,"942 Milk, reduced fat (Dairy Farmers Ltd, Australia) Australia 2006",26,"942 Milk, reduced fat (Dairy Farmers Ltd, Australia) Australia 2006 26±6 3 Normal, 10 25 428.2 Glucose, 2h Standard Capillary,"
64,"943 Milk, semi-skimmed, pasteurized, organic (Arla, UK) UK 2005",34,"943 Milk, semi-skimmed, pasteurized, organic (Arla, UK) UK 2005 34±8 3 Normal, 9 25 500 Glucose, 2h Standard Capillary,"
64,"944 Pura™ HiLo milk (National Foods Ltd, Australia) Australia 2006",20,"944 Pura™ HiLo milk (National Foods Ltd, Australia) Australia 2006 20±5 2 Normal, 10 50 862.1 Glucose, 2h Standard Capillary,"
64,"945 Pura™ Skimmer milk (National Foods Ltd, Australia) Australia 2006",20,"945 Pura™ Skimmer milk (National Foods Ltd, Australia) Australia 2006 20±5 2 Normal, 10 50 862.1 Glucose, 2h Standard Capillary,"
64,"946 Pura™ Light Start milk (National Foods Ltd, Australia) Australia 2005",30,"946 Pura™ Light Start milk (National Foods Ltd, Australia) Australia 2005 30±5 3 Normal, 10 50 479.7 Glucose, 2h Standard Capillary,"
64,"947 Pura™ Tone milk (National Foods Ltd, Australia) Australia 2005",30,"947 Pura™ Tone milk (National Foods Ltd, Australia) Australia 2005 30±5 3 Normal, 10 50 419.7 Glucose, 2h Standard Capillary,"
64,"Foods Ltd, Australia) Australia 2005",37,"Foods Ltd, Australia) Australia 2005 37±4 7 Normal, 10 25 277.8 Glucose, 2h Standard Capillary,"
64,"free (National Foods Ltd, Australia) Australia 2005",27,"free (National Foods Ltd, Australia) Australia 2005 27±5 5 Normal, 10 50 561.8 Glucose, 2h Standard Capillary,"
64,"(National Foods Ltd, Australia) Australia 2005",35,"(National Foods Ltd, Australia) Australia 2005 35±5 7 Normal, 10 50 531.9 Glucose, 2h Standard Capillary,"
64,"951 Flavored milk, Rush ® Heavenly Vanilla Malt milk Australia 2003",31,"951 Flavored milk, Rush ® Heavenly Vanilla Malt milk Australia 2003 31±4 6 Normal, 10 50 490.2 Glucose, 2h Standard Capillary,"
64,"952 Flavored milk, Rush ® Intense Coffee milk Australia 2005",24,"952 Flavored milk, Rush ® Intense Coffee milk Australia 2005 24±3 5 Normal, 10 50 457.0 Glucose, 2h Standard Capillary,"
64,"953 Flavored milk, Rush ® Ultimate Chocolate milk Australia 2003",26,"953 Flavored milk, Rush ® Ultimate Chocolate milk Australia 2003 26±5 5 Normal, 10 50 537.6 Glucose, 2h Standard Capillary,"
64,"954 Flavored milk, Rush ® Wicked Latte milk Australia 2005",26,"954 Flavored milk, Rush ® Wicked Latte milk Australia 2005 26±3 5 Normal, 10 50 473.2 Glucose, 2h Standard Capillary,"
65,Australia 2006,21,"Australia 2006 21±4 4 Normal, 9 50 423.2 Glucose, 2h Standard Capillary,"
65,"956 Nestlé Milo Combo mousse (Nestlé, Australia) Australia 2006",42,"956 Nestlé Milo Combo mousse (Nestlé, Australia) Australia 2006 42±5 8 Normal, 11 50 289.7 Glucose, 2h Standard Capillary,"
65,"957 Nestlé Milo flavored mousse (Nestlé, Australia) Australia 2006",46,"957 Nestlé Milo flavored mousse (Nestlé, Australia) Australia 2006 46±3 9 Normal, 12 50 254.8 Glucose, 2h Standard Capillary,"
65,commercial mousse mix with water Australia 2000,36,"commercial mousse mix with water Australia 2000 36±4 7 Normal, 10 50 82.5 Glucose, 2h Standard Capillary,"
65,commercial mousse mix with water Australia 1999,31,"commercial mousse mix with water Australia 1999 31±4 6 Normal, 10 50 NS Glucose, 2h Standard Capillary,"
65,mix with water Australia 2005,47,"mix with water Australia 2005 47±5 9 Normal, 10 50 NS Glucose, 2h Standard Capillary,"
65,Australia 2000,36,"Australia 2000 36±4 7 Normal, 10 50 81.3 Glucose, 2h Standard Capillary,"
65,commercial mousse mix with water Australia 2000,33,"commercial mousse mix with water Australia 2000 33±5 7 Normal, 10 50 76.4 Glucose, 2h Standard Capillary,"
65,commercial mousse mix with water Australia 2000,36,"commercial mousse mix with water Australia 2000 36±5 7 Normal, 10 50 81.3 Glucose, 2h Standard Capillary,"
65,commercial mousse mix with water Australia 2000,32,"commercial mousse mix with water Australia 2000 32±3 6 Normal, 10 50 82.5 Glucose, 2h Standard Capillary,"
65,"Danone, Italy) Italy 2011",51,"Danone, Italy) Italy 2011 51±5 10 Normal, 9 25 152 Glucose, 2h Standard Capillary,"
65,"whole milk, instant (White Wings, Australia) Australia 2000",47,"whole milk, instant (White Wings, Australia) Australia 2000 47±4 9 Normal, 10 50 NS Glucose, 2h Standard Capillary,"
65,"milk, instant (White Wings, Australia) Australia 2000",40,"milk, instant (White Wings, Australia) Australia 2000 40±4 8 Normal, 10 50 NS Glucose, 2h Standard Capillary,"
65,"flavor (National Foods Ltd, Australia) Australia 2005",52,"flavor (National Foods Ltd, Australia) Australia 2005 52±4 10 Normal, 10 50 238.1 Glucose, 2h Standard Capillary,"
66,"Muesli flavor (National Foods Ltd, Australia) Australia 2006",45,"Muesli flavor (National Foods Ltd, Australia) Australia 2006 45±4 9 Normal, 10 50 231.5 Glucose, 2h Standard Capillary,"
66,"(National Foods Ltd, Australia) Australia 2005",41,"(National Foods Ltd, Australia) Australia 2005 41±6 8 Normal, 10 50 235.8 Glucose, 2h Standard Capillary,"
66,"(National Foods Ltd, Australia) Australia 2006",45,"(National Foods Ltd, Australia) Australia 2006 45±4 9 Normal, 10 50 247.5 Glucose, 2h Standard Capillary,"
66,"(National Foods Ltd, Australia) Australia 2010",54,"(National Foods Ltd, Australia) Australia 2010 54±4 11 Normal, 10 50 264.6 Glucose, 2h Standard Capillary,"
66,"Foods Ltd, Australia) Australia 2009",46,"Foods Ltd, Australia) Australia 2009 46±3 9 Normal, 10 50 267.4 Glucose, 2h Standard Capillary,"
66,flavor (National Foods Ltd) Australia 2005,52,"flavor (National Foods Ltd) Australia 2005 52±4 10 Normal, 10 50 235.8 Glucose, 2h Standard Capillary,"
66,(National Foods Ltd) Australia 2005,54,"(National Foods Ltd) Australia 2005 54±6 11 Normal, 10 50 235.8 Glucose, 2h Standard Capillary,"
66,(National Foods Ltd) Australia 2005,54,"(National Foods Ltd) Australia 2005 54±6 11 Normal, 10 50 238.1 Glucose, 2h Standard Capillary,"
66,Foods Ltd) Australia 2005,43,"Foods Ltd) Australia 2005 43±4 9 Normal, 10 50 243.9 Glucose, 2h Standard Capillary,"
66,"Milk rice pudding, Yoplait Le Rice (mean)",49,"Milk rice pudding, Yoplait Le Rice, mean of 10 foods 49"
66,"978 Yoghurt, black cherry (Finest, UK) UK 2005",17,"978 Yoghurt, black cherry (Finest, UK) UK 2005 17±3 3 Normal, 10 25 312.5 Glucose, 2h Standard Capillary,"
66,"979 Yoghurt, black cherry (Healthy Living Light, UK) UK 2005",67,"979 Yoghurt, black cherry (Healthy Living Light, UK) UK 2005 67±15 13 Normal, 10 25 287.4 Glucose, 2h Standard Capillary,"
66,"980 Yoghurt, bourbon vanilla (Finest, UK) UK 2005",64,"980 Yoghurt, bourbon vanilla (Finest, UK) UK 2005 64±14 13 Normal, 10 25 260.4 Glucose, 2h Standard Capillary,"
66,"981 Yoghurt, Devonshire fudge (Finest, UK) UK 2005",37,"981 Yoghurt, Devonshire fudge (Finest, UK) UK 2005 37±7 7 Normal, 10 25 223.2 Glucose, 2h Standard Capillary,"
66,"982 Yoghurt, Greek style, honey topped (UK) UK 2005",36,"982 Yoghurt, Greek style, honey topped (UK) UK 2005 36±7 7 Normal, 9 25 367.6 Glucose, 2h Standard Capillary,"
66,Australia) Australia 2004,18,"Australia) Australia 2004 18±4 4 Normal, 10 50 331.1 Glucose, 2h Standard Capillary,"
66,"984 Yoghurt, lemon curd (Finest, UK) UK 2005",67,"984 Yoghurt, lemon curd (Finest, UK) UK 2005 67±14 13 Normal, 10 25 248.8 Glucose, 2h Standard Capillary,"
67,"985 Yoghurt, peach & apricot (Healthy Living Light, UK) UK 2005",28,"985 Yoghurt, peach & apricot (Healthy Living Light, UK) UK 2005 28±6 6 Normal, 9 25 308.6 Glucose, 2h Standard Capillary,"
67,"986 Yoghurt, raspberry (Healthy Living Light, UK) UK 2005",43,"986 Yoghurt, raspberry (Healthy Living Light, UK) UK 2005 43±8 9 Normal, 10 25 308.6 Glucose, 2h Standard Capillary,"
67,"987 Yoghurt, red fruit: Morello cherry (Healthy Living Li ght, UK) UK 2005",35,"987 Yoghurt, red fruit: Morello cherry (Healthy Living Li ght, UK) UK 2005 35±6 7 Normal, 9 25 454.5 Glucose, 2h Standard Capillary,"
67,"Light, UK) UK 2005",37,"Light, UK) UK 2005 37±8 7 Normal, 9 25 491.8 Glucose, 2h Standard Capillary,"
67,"989 Yoghurt, Scottish raspberry (Finest, UK) UK 2005",32,"989 Yoghurt, Scottish raspberry (Finest, UK) UK 2005 32±7 6 Normal, 10 25 264.6 Glucose, 2h Standard Capillary,"
67,"990 Yoghurt, strawberry (Healthy Living Light, UK) UK 2005",30,"990 Yoghurt, strawberry (Healthy Living Light, UK) UK 2005 30±6 6 Normal, 10 25 316.5 Glucose, 2h Standard Capillary,"
67,"991 Yoghurt, strawberry (Astro yoghurt, Canada) Canada 2010*",44,"991 Yoghurt, strawberry (Astro yoghurt, Canada) Canada 2010* 44±4 9 Normal, 10 50 250 Bread, 2h Standard Capillary,"
67,"992 Yoghurt, strawberry and cream (Finest, UK) UK 2005",41,"992 Yoghurt, strawberry and cream (Finest, UK) UK 2005 41±6 8 Normal, 10 25 324.7 Glucose, 2h Standard Capillary,"
67,"993 Yoghurt, summer fruit: apricot (Healthy Living Light, UK) UK 2005",11,"993 Yoghurt, summer fruit: apricot (Healthy Living Light, UK) UK 2005 11±4 2 Normal, 9 25 476.2 Glucose, 2h Standard Capillary,"
67,"Light, UK) UK 2005",26,"Light, UK) UK 2005 26±7 5 Normal, 9 25 476.2 Glucose, 2h Standard Capillary,"
67,"995 Yoghurt, summer fruit: raspberry (Healthy Living Light, UK) UK 2005",28,"995 Yoghurt, summer fruit: raspberry (Healthy Living Light, UK) UK 2005 28±5 6 Normal, 9 25 501.0 Glucose, 2h Standard Capillary,"
67,UK) UK 2005,36,"UK) UK 2005 36±9 7 Normal, 9 25 500.0 Glucose, 2h Standard Capillary,"
67,"Living Light, UK) UK 2005",24,"Living Light, UK) UK 2005 24±7 5 Normal, 9 25 447.8 Glucose, 2h Standard Capillary,"
67,"998 Yoghurt, tropical fruit: mango (Healthy Living Light, UK) UK 2005",32,"998 Yoghurt, tropical fruit: mango (Healthy Living Light, UK) UK 2005 32±8 6 Normal, 9 25 454.5 Glucose, 2h Standard Capillary,"
67,"Light, UK) UK 2005",27,"Light, UK) UK 2005 27±6 5 Normal, 9 25 468.8 Glucose, 2h Standard Capillary,"
67,"1000 Yoghurt, tropical pineapple (Healthy Living Light, UK) UK 2005",38,"1000 Yoghurt, tropical pineapple (Healthy Living Light, UK) UK 2005 38±7 8 Normal, 9 25 461.5 Glucose, 2h Standard Capillary,"
67,"1001 Yoghurt, Valencia orange (Finest, UK) UK 2005",34,"1001 Yoghurt, Valencia orange (Finest, UK) UK 2005 34±7 7 Normal, 10 25 301.2 Glucose, 2h Standard Capillary,"
67,"1002 Yoghurt, Yitangping (Beijing Sanyuan Foods, Beijing, China) China 2020",21,"1002 Yoghurt, Yitangping (Beijing Sanyuan Foods, Beijing, China) China 2020 21±4 4 Normal, 11 25 454.5 Glucose, 2h Standard Capillary,"
67,"Yoghurt, different flavors (mean)",35,"Yoghurt, different flavors, mean of 25 studies 35"
68,2007,51,"2007 51±5 10 Normal, 10 50 NS Bread, 2h Standard Capillary,"
68,2007,55,"2007 55±6 11 Normal, 10 50 NS Bread, 2h Standard Capillary,"
68,2007,46,"2007 46±5 9 Normal, 10 50 NS Bread, 2h Standard Capillary,"
68,"1006 Diet Passionfruit yoghurt, Dairy Dream (Aldi, Australia) Australia 2010",21,"1006 Diet Passionfruit yoghurt, Dairy Dream (Aldi, Australia) Australia 2010 21±2 4 Normal, 10 50 495 Glucose, 2h Standard Capillary,"
68,"1007 Diet Raspberry yoghurt, Dairy Dream (Aldi, Australia) Australia 2010",21,"1007 Diet Raspberry yoghurt, Dairy Dream (Aldi, Australia) Australia 2010 21±2 4 Normal, 10 50 515 Glucose, 2h Standard Capillary,"
68,sweetened with acesulfame K and Splenda Australia 2000,23,"sweetened with acesulfame K and Splenda Australia 2000 23±2 5 Normal, 10 25 312.5 Glucose, 2h Standard Capillary,"
68,Australia 2000,23,"Australia 2000 23±2 5 Normal, 10 25 367.6 Glucose, 2h Standard Capillary,"
68,sweetened with acesulfame K and Splenda Australia 2000,25,"sweetened with acesulfame K and Splenda Australia 2000 25±3 5 Normal, 10 25 409.8 Glucose, 2h Standard Capillary,"
68,sweetened with acesulfame K and Splenda Australia 2000,23,"sweetened with acesulfame K and Splenda Australia 2000 23±2 5 Normal, 10 25 423.7 Glucose, 2h Standard Capillary,"
68,Australia 2000,23,"Australia 2000 23±2 5 Normal, 10 25 416.7 Glucose, 2h Standard Capillary,"
68,"(National Foods Ltd, Australia) Australia 2002",33,"(National Foods Ltd, Australia) Australia 2002 33±5 7 Normal, 10 50 324.7 Glucose, 2h Standard Capillary,"
68,"Farmers Ltd, Australia) Australia 2002",31,"Farmers Ltd, Australia) Australia 2002 31±4 6 Normal, 9 50 342.5 Glucose, 2h Standard Capillary,"
68,"1015 Low-fat, Nestlé Diet, Blueberry (Nestlé, Australia) Australia 2006",32,"1015 Low-fat, Nestlé Diet, Blueberry (Nestlé, Australia) Australia 2006 32±4 6 Normal, 10 25 446.4 Glucose, 2h Standard Capillary,"
68,"1016 Low-fat, Nestlé Diet, Mixed Berry (Nestlé, Australia) Australia 2006",28,"1016 Low-fat, Nestlé Diet, Mixed Berry (Nestlé, Australia) Australia 2006 28±4 6 Normal, 12 25 463.0 Glucose, 2h Standard Capillary,"
68,"1017 Low-fat, Nestlé Diet, Peaches & Cream (Nestlé, Australia) Australia 2006",28,"1017 Low-fat, Nestlé Diet, Peaches & Cream (Nestlé, Australia) Australia 2006 28±3 6 Normal, 10 25 463.0 Glucose, 2h Standard Capillary,"
68,"1018 Low-fat, apricot UK 2005",42,"1018 Low-fat, apricot UK 2005 42±6 8 Normal, 10 25 354.6 Glucose, 2h Standard Capillary,"
69,"1019 Low-fat, black cherry UK 2005",41,"1019 Low-fat, black cherry UK 2005 41±5 8 Normal, 10 25 349.7 Glucose, 2h Standard Capillary,"
69,"1020 Low-fat, hazelnut UK 2005",53,"1020 Low-fat, hazelnut UK 2005 53±9 11 Normal, 10 25 357.1 Glucose, 2h Standard Capillary,"
69,"1021 Low-fat, peach melba (Value, UK) UK 2005",56,"1021 Low-fat, peach melba (Value, UK) UK 2005 56±11 11 Normal, 10 25 357.1 Glucose, 2h Standard Capillary,"
69,"1022 Low-fat, raspberry UK 2005",34,"1022 Low-fat, raspberry UK 2005 34±6 7 Normal, 10 25 335.6 Glucose, 2h Standard Capillary,"
69,"1023 Low-fat, strawberry UK 2005",61,"1023 Low-fat, strawberry UK 2005 61±11 12 Normal, 10 25 347.2 Glucose, 2h Standard Capillary,"
69,(Pauls Ltd) Australia 2003,32,"(Pauls Ltd) Australia 2003 32±4 6 Normal, 10 50 280.9 Glucose, 2h Standard Capillary,"
69,(Pauls Ltd) Australia 2003,43,"(Pauls Ltd) Australia 2003 43±6 9 Normal, 10 50 307.6 Glucose, 2h Standard Capillary,"
69,(Pauls Ltd) Australia 2003,29,"(Pauls Ltd) Australia 2003 29±2 6 Normal, 10 50 337.8 Glucose, 2h Standard Capillary,"
69,Ltd) Australia 2003,32,"Ltd) Australia 2003 32±3 6 Normal, 10 50 301.2 Glucose, 2h Standard Capillary,"
69,Ltd) Australia 2003,28,"Ltd) Australia 2003 28±3 6 Normal, 9 50 340.1 Glucose, 2h Standard Capillary,"
69,Australia) Australia 2010,21,"Australia) Australia 2010 21±2 4 Normal, 10 50 495 Glucose, 2h Standard Capillary,"
69,Australia) Australia 2010,21,"Australia) Australia 2010 21±2 4 Normal, 10 50 515 Glucose, 2h Standard Capillary,"
69,Low fat yoghurts different flavors (mean),32,"Low fat yoghurts different flavors, mean of 25 foods 32"
69,Australia) Australia 1999,26,"Australia) Australia 1999 26±4 5 Normal, 10 25 354.6 Bread, 2h Standard Capillary,"
69,"1032 Reduced-fat, Vaalia™, French vanilla (Pauls Ltd., Australia) Australia 1999",26,"1032 Reduced-fat, Vaalia™, French vanilla (Pauls Ltd., Australia) Australia 1999 26±4 5 Normal, 10 25 292.4 Bread, 2h Standard Capillary,"
69,"1033 Reduced-fat, Extra-Lite™, strawberry (Pauls Ltd., Australia) Australia 1999",28,"1033 Reduced-fat, Extra-Lite™, strawberry (Pauls Ltd., Australia) Australia 1999 28±4 6 Normal, 10 25 310.6 Bread, 2h Standard Capillary,"
69,Republic 2005,43,"Republic 2005 43±5 9 Normal, 20 50 312.5 Glucose, 2h"
69,"Foods Ltd, Australia) Australia 2006",25,"Foods Ltd, Australia) Australia 2006 25±3 5 Normal, 10 50 290.7 Glucose, 2h Standard Capillary,"
70,"Foods Ltd, Australia) Australia 2006",37,"Foods Ltd, Australia) Australia 2006 37±3 7 Normal, 10 50 312.5 Glucose, 2h Standard Capillary,"
70,"Ltd, Australia) Australia 2006",27,"Ltd, Australia) Australia 2006 27±2 5 Normal, 10 50 271.7 Glucose, 2h Standard Capillary,"
70,"Foods Ltd, Australia) Australia 2006",32,"Foods Ltd, Australia) Australia 2006 32±5 6 Normal, 10 50 324.7 Glucose, 2h Standard Capillary,"
70,"Farmers Ltd, Australia), Australia 2002",40,"Farmers Ltd, Australia), Australia 2002 40±2 8 Normal, 10 50 287.4 Glucose, 2h Standard Capillary,"
70,"Farmers Ltd, Australia), Australia 2002",40,"Farmers Ltd, Australia), Australia 2002 40±4 8 Normal, 10 50 316.5 Glucose, 2h Standard Capillary,"
70,"Yoplait™ (National Foods Ltd, Australia) Australia 2006",16,"Yoplait™ (National Foods Ltd, Australia) Australia 2006 16±3 3 Normal, 10 25 384.6 Glucose, 2h Standard Capillary,"
70,"yoghurts, Yoplait™(National Foods Ltd, Australia) Australia 2006",19,"yoghurts, Yoplait™(National Foods Ltd, Australia) Australia 2006 19±3 4 Normal, 10 25 357.1 Glucose, 2h Standard Capillary,"
70,"Yoplait™(National Foods Ltd, Australia) Australia 2006",20,"Yoplait™(National Foods Ltd, Australia) Australia 2006 20±4 4 Normal, 10 25 390.6 Glucose, 2h Standard Capillary,"
70,"yoghurts, Yoplait™(National Foods Ltd, Australia) Australia 2006",18,"yoghurts, Yoplait™(National Foods Ltd, Australia) Australia 2006 18±3 4 Normal, 10 25 367.6 Glucose, 2h Standard Capillary,"
70,"1045 Fat-free, Passionfruit yoghurt (Jalna Dairy Foods, Australia) Australia 200",27,"1045 Fat-free, Passionfruit yoghurt (Jalna Dairy Foods, Australia) Australia 2004 27±4 5 Normal, 10 50 359.7 Glucose, 2h Standard Capillary,"
70,Australia 2010,17,"Australia 2010 17±2 2 Normal, 10 50 495 Glucose, 2h Standard Capillary,"
70,"1047 Yoghurt, low fat, natural UK 2005",35,"1047 Yoghurt, low fat, natural UK 2005 35±10 4 Normal, 9 25 431 Glucose, 2h Standard Capillary,"
70,"1048 Yoghurt, probiotic, prune UK 2005",44,"1048 Yoghurt, probiotic, prune UK 2005 44±10 9 Normal, 10 25 349.7 Glucose, 2h Standard Capillary,"
70,"1049 Yoghurt, probiotic, raspberry UK 2005",45,"1049 Yoghurt, probiotic, raspberry UK 2005 45±10 9 Normal, 10 25 349.7 Glucose, 2h Standard Capillary,"
70,All Yoghurts (mean),33,"All Yoghurts, mean of 72 studies 33"
71,"1050 Probiotic drink, cranberry UK 2005",56,"1050 Probiotic drink, cranberry UK 2005 56±9 11 Normal, 10 25 409.8 Glucose, 2h Standard Capillary,"
71,"1051 Probiotic drink, orange UK 2005",30,"1051 Probiotic drink, orange UK 2005 30±8 6 Normal, 10 25 373.1 Glucose, 2h Standard Capillary,"
71,"1052 Probiotic drink, original UK 2005",34,"1052 Probiotic drink, original UK 2005 34±5 7 Normal, 10 25 409.8 Glucose, 2h Standard Capillary,"
71,"Foods, Australia) Australia 2004",24,"Foods, Australia) Australia 2004 24±5 5 Normal, 10 50 381.7 Glucose, 2h Standard Capillary,"
71,"Foods, Australia) Australia 2004",19,"Foods, Australia) Australia 2004 19±4 4 Normal, 10 50 381.7 Glucose, 2h Standard Capillary,"
71,"(Pauls Ltd., Australia) Australia 1999",38,"(Pauls Ltd., Australia) Australia 1999 38±4 8 Normal, 10 25 173.6 Bread, 2h Standard Capillary,"
71,1056 Control dairy beverage Canada 2013*,70,"1056 Control dairy beverage Canada 2013* 70±7 7 Normal, 11 50 250 Glucose, 2h Standard Venous,"
71,1057 Dairy beverage with soy-soluble polysaccharides (2.5 g fiber) Canada 2013*,65,"1057 Dairy beverage with soy-soluble polysaccharides (2.5 g fiber) Canada 2013* 65±11 7 Normal, 11 50 250 Glucose, 2h Standard Venous,"
71,1058 Dairy beverage with flaxseed gum (2.5 g fiber) Canada 2013*,54,"1058 Dairy beverage with flaxseed gum (2.5 g fiber) Canada 2013* 54±9 5 Normal, 11 50 250 Glucose, 2h Standard Venous,"
71,1059 Control dairy pudding (0.25 g fiber) Canada 2013*,63,"1059 Control dairy pudding (0.25 g fiber) Canada 2013* 63±6 6 Normal, 11 50 250 Glucose, 2h Standard Venous,"
71,1060 Dairy pudding with soy-soluble polysaccharides (2.5 g fiber) Canada 2013*,61,"1060 Dairy pudding with soy-soluble polysaccharides (2.5 g fiber) Canada 2013* 61±6 6 Normal, 11 50 250 Glucose, 2h Standard Venous,"
71,1061 Dairy pudding with flaxseed gum (2.5 g fiber) Canada 2013*,57,"1061 Dairy pudding with flaxseed gum (2.5 g fiber) Canada 2013* 57±8 6 Normal, 11 50 250 Glucose, 2h Standard Venous,"
71,2007,15,"2007 15±4 2 Normal, 10 50 NS Bread, 2h Standard Capillary,"
71,"1063 Soy milk, full-fat, with sucrose (Sanitarium, Australia) Australia 1997",31,"1063 Soy milk, full-fat, with sucrose (Sanitarium, Australia) Australia 1997 31±5 3 Normal,"
72,"maltodextrin (So Natural Foods, Australia) Australia 2000",44,"maltodextrin (So Natural Foods, Australia) Australia 2000 44±5 4 Normal, 10 25 337.8 Glucose, 2h Standard Capillary,"
72,"maltodextrin (So Natural Foods, Australia) Australia 2000",36,"maltodextrin (So Natural Foods, Australia) Australia 2000 36±4 4 Normal, 10 25 360.0 Glucose, 2h Standard Capillary,"
72,"Natural Foods, Australia) Australia 2006",41,"Natural Foods, Australia) Australia 2006 41±4 4 Normal, 15 25 333.3 Glucose, 2h Standard Capillary,"
72,"1067 Soy milk, Vitasoy® Organic (National Foods Ltd, Australia) Australia 2008",43,"1067 Soy milk, Vitasoy® Organic (National Foods Ltd, Australia) Australia 2008 43±3 4 Normal, 10 25 412.5 Glucose, 2h Standard Capillary,"
72,Australia) Australia 2008,21,"Australia) Australia 2008 21±5 2 Normal, 10 25 800.8 Glucose, 2h Standard Capillary,"
72,"Foods Ltd, Australia) Australia 2005",45,"Foods Ltd, Australia) Australia 2005 45±5 5 Normal, 10 25 641.0 Glucose, 2h Standard Capillary,"
72,"(National Foods Ltd, Australia) Australia 2008",17,"(National Foods Ltd, Australia) Australia 2008 17±3 2 Normal, 10 25 851.7 Glucose, 2h Standard Capillary,"
72,"containing maltodextrin (So Natural Foods, Australia) Australia 2000",44,"containing maltodextrin (So Natural Foods, Australia) Australia 2000 44±3 4 Normal, 10 25 463.0 Glucose, 2h Standard Capillary,"
72,"Premium Vitality+ (National Foods Ltd, Australia) Australia 2005",18,"Premium Vitality+ (National Foods Ltd, Australia) Australia 2005 18±3 2 Normal, 10 25 520.8 Glucose, 2h Standard Capillary,"
72,Soy milk reduced-fat (mean),31,"Soy milk reduced-fat, mean of 4 studies 31"
72,2007,40,"2007 40±5 8 Normal, 10 50 NS Bread, 2h Standard Capillary,"
72,2007,28,"2007 28±3 6 Normal, 10 50 NS Bread, 2h Standard Capillary,"
72,"(National Foods Ltd, Australia) Australia 2008",31,"(National Foods Ltd, Australia) Australia 2008 31±3 6 Normal, 10 25 353.4 Glucose, 2h Standard Capillary,"
72,"(National Foods Ltd, Australia) Australia 2008",31,"(National Foods Ltd, Australia) Australia 2008 31±3 6 Normal, 10 25 376.8 Glucose, 2h Standard Capillary,"
72,"Foods, Australia) Australia 2000",50,"Foods, Australia) Australia 2000 50±3 10 Normal, 10 25 268.8 Glucose, 2h Standard Capillary,"
73,"1078 Apples, raw Australia 2020",44,"1078 Apples, raw Australia 2020 44±5 7 Normal, 10 50 431.0 Glucose, 2h Standard Capillary,"
73,"1079 Apples, canned in juice Australia 2007",42,"1079 Apples, canned in juice Australia 2007 42±5 6 Normal, 10 50 337.8 Glucose, 2h Standard Capillary,"
73,"and Ashton Foods Pty Ltd, South Africa) South Africa 2006",42,"and Ashton Foods Pty Ltd, South Africa) South Africa 2006 42±2 6 Normal, 10 50 602.4 Glucose, 2h Standard Capillary,"
73,"1081 Apple, dried Australia 1998",29,"1081 Apple, dried Australia 1998 29±5 4 Normal, 10 50 82.3 Bread, 2h Standard Capillary,"
73,"1082 Apples, dried (Malus pumila Mill.) China 2018*",43,"1082 Apples, dried (Malus pumila Mill.) China 2018* 43±4 6 Normal, 11 50 76.8 Glucose, 2h Standard Capillary,"
73,"1083 Apricots, raw, NS Australia 2007",34,"1083 Apricots, raw, NS Australia 2007 34±3 5 Normal, 10 50 324.7 Glucose, 2h Standard Capillary,"
73,"1084 Apricots, raw, NS Canada 2018*",42,"1084 Apricots, raw, NS Canada 2018* 42±5 6 Normal, 10 50 81.4 Bread, 2h Standard Capillary,"
73,"Foods Pty Ltd, South Africa) South Africa 2006",51,"Foods Pty Ltd, South Africa) South Africa 2006 51±5 8 Normal, 10 50 495.0 Glucose, 2h Standard Capillary,"
73,"1086 Apricots, dried, ready to eat, bite size UK 2005",32,"1086 Apricots, dried, ready to eat, bite size UK 2005 32±7 5 Normal, 10 50 137.0 Glucose, 2h Standard Capillary,"
73,"1087 Apricots, dried (Armeniaca vulgaris Lam.) China 2018*",56,"1087 Apricots, dried (Armeniaca vulgaris Lam.) China 2018* 56±4 8 Normal, 11 50 90.4 Glucose, 2h Standard Capillary,"
73,"1088 Banana, raw Australia 2008",47,"1088 Banana, raw Australia 2008 47±5 7 Normal, 10 50 250 Glucose, 2h Standard Capillary,"
73,"1089 Banana, lady finger (Moraitis, Australia) Australia 2014",49,"1089 Banana, lady finger (Moraitis, Australia) Australia 2014 49±5 7 Normal, 12 50 259.2 Glucose, 2h Standard Capillary,"
73,"1090 Banana, lady finger (Moraitis, Australia) Australia 2014",53,"1090 Banana, lady finger (Moraitis, Australia) Australia 2014 53±4 8 Normal, 12 50 268.3 Glucose, 2h Standard Capillary,"
73,"1091 Banana, raw, overripe Australia 2008",57,"1091 Banana, raw, overripe Australia 2008 57±8 9 Normal, 9 50 250 Glucose, 2h Standard Capillary,"
74,2007,53,"2007 53±7 8 Normal, 10 50 568.2 Bread, 2h Standard Capillary,"
74,"1093 Breadfruit, peeled, boiled 10 min Jamaica 2005",47,"1093 Breadfruit, peeled, boiled 10 min Jamaica 2005 47±5 7 Normal, 10 50 276.6 Glucose, 2h Standard Capillary,"
74,"1094 Breadfruit, roasted on preheated charcoal Jamaica 2005",72,"1094 Breadfruit, roasted on preheated charcoal Jamaica 2005 72±8 11 Normal, 10 50 221.3 Glucose, 2h Standard Capillary,"
74,India 2016,65,"India 2016 65±5 10 Normal, 10 25 59.2 Glucose, 2h Standard Capillary,"
74,"1096 Cranberries, sweetened, dried (Ocean Spray, USA) USA 2011",62,"1096 Cranberries, sweetened, dried (Ocean Spray, USA) USA 2011 62±6 9 Normal, 10 50 65.1 Glucose, 2h Standard Capillary,"
74,"1097 Cherries, sour, pitted, canned (Always Fresh brand, Australia) Australia 20",41,"1097 Cherries, sour, pitted, canned (Always Fresh brand, Australia) Australia 2007 41±5 6 Normal, 10 25 142 Glucose, 2h Standard Capillary,"
74,"1098 Custard apple, raw, flesh only Australia 2000",54,"1098 Custard apple, raw, flesh only Australia 2000 54±2 8 Normal, 12 50 316.5 Glucose, 2h Standard Capillary,"
74,"1099 Dates, Bo ma'an variety (Al Saad date factory, Al Ain, UAE ) UAE 2011*",46,"1099 Dates, Bo ma'an variety (Al Saad date factory, Al Ain, UAE ) UAE 2011* 46±7 7 Normal, 13 50 72.7 Glucose, 2h Standard Capillary,"
74,"1100 Dates, Dabbas variety (Al Saad date factory, Al Ain, UAE) UAE 2011*",49,"1100 Dates, Dabbas variety (Al Saad date factory, Al Ain, UAE) UAE 2011* 49±7 7 Normal, 13 50 76.2 Glucose, 2h Standard Capillary,"
74,"1101 Dates, Deglet noir variety Algeria 2016*",52,"1101 Dates, Deglet noir variety Algeria 2016* 52±3 8 Normal, 10 50 NS Glucose, 2h Standard Capillary,"
74,"1102 Dates, Fara'd variety (Al Saad date factory, Al Ain, UAE) UAE 2011*",54,"1102 Dates, Fara'd variety (Al Saad date factory, Al Ain, UAE) UAE 2011* 54±6 8 Normal, 13 50 72.5 Glucose, 2h Standard Capillary,"
74,"1103 Dates, H'mira variety Algeria 2016*",48,"1103 Dates, H'mira variety Algeria 2016* 48±2 7 Normal, 10 50 NS Glucose, 2h Standard Capillary,"
74,"1104 Dates, Khalas (Rutab, soft early ripened) variety UAE 2002",47,"1104 Dates, Khalas (Rutab, soft early ripened) variety UAE 2002 47±5 7 Normal, 11 50 101.8 Glucose, 2h Standard Capillary,"
74,"1105 Dates, Khalas variety (Al Saad date factory, Al Ain, UAE) UAE 2011*",55,"1105 Dates, Khalas variety (Al Saad date factory, Al Ain, UAE) UAE 2011* 55±8 8 Normal, 13 50 72.6 Glucose, 2h Standard Capillary,"
75,"1106 Dates, Khalas (Phoenix dactylifera L.) Saudi Arabia 2013*",55,"1106 Dates, Khalas (Phoenix dactylifera L.) Saudi Arabia 2013* 55±6 8 Normal, 10 50 NS Glucose, 2h Standard Capillary,"
75,"1107 Dates, Lulu variety (Al Saad date factory, Al Ain, UAE) UAE 2011*",54,"1107 Dates, Lulu variety (Al Saad date factory, Al Ain, UAE) UAE 2011* 54±9 8 Normal, 13 50 73.6 Glucose, 2h Standard Capillary,"
75,"1108 Dates, NS Canada 2018*",68,"1108 Dates, NS Canada 2018* 68±6 10 Normal, 10 50 77.8 Bread, 2h Standard Capillary,"
75,"1109 Dates, Tinissine variety Algeria 2016*",44,"1109 Dates, Tinissine variety Algeria 2016* 44±2 7 Normal, 10 50 NS Glucose, 2h Standard Capillary,"
75,Dates (mean),52,"Dates, mean of 11 foods 52"
75,"1110 Dates, Ajwah cultivar, Tamer stage Saudi Arabia 2016*",60,"1110 Dates, Ajwah cultivar, Tamer stage Saudi Arabia 2016* 60±6 9 Normal, 10 50 70.1 Glucose, 2h Standard Capillary,"
75,manner) variety UAE 2002,45,"manner) variety UAE 2002 45±8 7 Normal, 11 50 66.8 Glucose, 2h Standard Capillary,"
75,"1112 Dates, Khalas variety, dried and vacuum packed UAE 2002",36,"1112 Dates, Khalas variety, dried and vacuum packed UAE 2002 36±3 5 Normal, 11 50 66.7 Glucose, 2h Standard Capillary,"
75,"1113 Dates, Khudri cultivar, Tamer stage Saudi Arabia 2016*",62,"1113 Dates, Khudri cultivar, Tamer stage Saudi Arabia 2016* 62±7 9 Normal, 10 50 67.1 Glucose, 2h Standard Capillary,"
75,"1114 Dates, Maktoomi cultivar, Tamer stage Saudi Arabia 2016*",71,"1114 Dates, Maktoomi cultivar, Tamer stage Saudi Arabia 2016* 71±11 11 Normal, 10 50 68.5 Glucose, 2h Standard Capillary,"
75,"1115 Dates, Medjool cultivar, Tamer stage Saudi Arabia 2016*",55,"1115 Dates, Medjool cultivar, Tamer stage Saudi Arabia 2016* 55±7 8 Normal, 10 50 70.5 Glucose, 2h Standard Capillary,"
75,"1116 Dates, Nabtat-ali cultivar, Tamer stage Saudi Arabia 2016*",60,"1116 Dates, Nabtat-ali cultivar, Tamer stage Saudi Arabia 2016* 60±7 9 Normal, 10 50 69.3 Glucose, 2h Standard Capillary,"
75,"1117 Dates, Nabtat-seyf cultivar, Tamer stage Saudi Arabia 2016*",54,"1117 Dates, Nabtat-seyf cultivar, Tamer stage Saudi Arabia 2016* 54±10 8 Normal, 9 50 67.0 Glucose, 2h Standard Capillary,"
75,"1118 Dates, Osilah cultivar, Tamer stage Saudi Arabia 2016*",57,"1118 Dates, Osilah cultivar, Tamer stage Saudi Arabia 2016* 57±12 9 Normal, 9 50 82.5 Glucose, 2h Standard Capillary,"
75,"1119 Dates, Rashodia cultivar, Tamer stage Saudi Arabia 2016*",51,"1119 Dates, Rashodia cultivar, Tamer stage Saudi Arabia 2016* 51±7 8 Normal, 10 50 67.3 Glucose, 2h Standard Capillary,"
75,"1120 Dates, Ruthana cultivar, Tamer stage Saudi Arabia 2016*",53,"1120 Dates, Ruthana cultivar, Tamer stage Saudi Arabia 2016* 53±4 8 Normal, 10 50 73.4 Glucose, 2h Standard Capillary,"
75,"1121 Dates, Sag'ai cultivar, Tamer stage Saudi Arabia 2016*",45,"1121 Dates, Sag'ai cultivar, Tamer stage Saudi Arabia 2016* 45±6 7 Normal, 9 50 72.7 Glucose, 2h Standard Capillary,"
76,"1122 Dates, Sayer, dried, Trident™ brand Australia 2014",56,"1122 Dates, Sayer, dried, Trident™ brand Australia 2014 56±3 8 Normal, 10 50 63.7 Glucose, 2h Standard Capillary,"
76,"1123 Dates, Sellaj cultivar, Tamer stage Saudi Arabia 2016*",75,"1123 Dates, Sellaj cultivar, Tamer stage Saudi Arabia 2016* 75±10 11 Normal, 9 50 69.0 Glucose, 2h Standard Capillary,"
76,"1124 Dates, Shaqra cultivar, Tamer stage Saudi Arabia 2016*",43,"1124 Dates, Shaqra cultivar, Tamer stage Saudi Arabia 2016* 43±6 6 Normal, 10 50 66.9 Glucose, 2h Standard Capillary,"
76,"1125 Dates, Shishi cultivar, Tamer stage Saudi Arabia 2016*",50,"1125 Dates, Shishi cultivar, Tamer stage Saudi Arabia 2016* 50±7 8 Normal, 10 50 71.8 Glucose, 2h Standard Capillary,"
76,"1126 Dates, Sukkary cultivar, Tamer stage Saudi Arabia 2016*",43,"1126 Dates, Sukkary cultivar, Tamer stage Saudi Arabia 2016* 43±5 6 Normal, 10 50 77.6 Glucose, 2h Standard Capillary,"
76,"1127 Dates, Um-Kabar cultivar, Tamer stage Saudi Arabia 2016*",59,"1127 Dates, Um-Kabar cultivar, Tamer stage Saudi Arabia 2016* 59±7 9 Normal, 10 50 69.1 Glucose, 2h Standard Capillary,"
76,"1128 Dates, Wannanah cultivar, Tamer stage Saudi Arabia 2016*",51,"1128 Dates, Wannanah cultivar, Tamer stage Saudi Arabia 2016* 51±7 8 Normal, 10 50 67.5 Glucose, 2h Standard Capillary,"
76,"Dates, dried (mean)",54,"Dates, dried, mean of 19 foods 54"
76,"Macro brand, Australia) Turkey 2018",54,"Macro brand, Australia) Turkey 2018 54±6 8 Normal, 10 50 91.7 Glucose, 2h Standard Capillary,"
76,"Sons, Sydney, Australia) Australia 2002",61,"Sons, Sydney, Australia) Australia 2002 61±6 9 Normal, 10 50 115.4 Glucose, 2h Standard Capillary,"
76,"1131 Guava, raw, cut into bite size pieces Singapore 2017*",29,"1131 Guava, raw, cut into bite size pieces Singapore 2017* 29±4 4 Normal, 19 25 280 Glucose, 2h Standard Capillary,"
76,"1132 Guava, raw, puree Singapore 2017*",47,"1132 Guava, raw, puree Singapore 2017* 47±4 7 Normal, 19 25 280 Glucose, 2h Standard Capillary,"
76,"1133 Grapes, Crimson seedless Australia 2008",50,"1133 Grapes, Crimson seedless Australia 2008 50±3 8 Normal, 10 50 279.3 Glucose, 2h Standard Capillary,"
76,"1134 Grapes, green, Menidee, seedless Australia 2008",54,"1134 Grapes, green, Menidee, seedless Australia 2008 54±4 8 Normal, 10 50 333.3 Glucose, 2h Standard Capillary,"
76,"1135 Grapes, black, Waltham Cross Australia 2001",59,"1135 Grapes, black, Waltham Cross Australia 2001 59±5 9 Normal, 11 50 330.7 Bread, 2h Standard Capillary,"
77,"Select, Australia) Australia 2008",47,"Select, Australia) Australia 2008 47±5 7 Normal, 10 50 294.1 Glucose, 2h Standard Capillary,"
77,"1137 Jujubes, dried (Ziziphus jujubu Mill.) China 2018*",55,"1137 Jujubes, dried (Ziziphus jujubu Mill.) China 2018* 55±6 8 Normal, 11 50 84 Glucose, 2h Standard Capillary,"
77,"1138 Lychee, fresh Australia 2009",57,"1138 Lychee, fresh Australia 2009 57±3 9 Normal, 9 50 308.6 Glucose, 2h Standard Capillary,"
77,"1139 Lychee, canned in syrup and drained, Narcissus brand China 2000",79,"1139 Lychee, canned in syrup and drained, Narcissus brand China 2000 79±8 12 Normal, 12 50 292.4 Glucose, 2h Standard Capillary,"
77,1140 Mandarin orange (Citrus reticulata)19 Italy 2004,52,"1140 Mandarin orange (Citrus reticulata)19 Italy 2004 52±8 8 Normal, ≥9 25 142 Glucose, 2h Standard Capillary,"
77,Australia) Australia 2008,47,"Australia) Australia 2008 47±2 7 Normal, 10 50 500 Glucose, 2h Standard Capillary,"
77,"1142 Mango, raw (Chin-Hwang Mango) Taiwan 2010*",48,"1142 Mango, raw (Chin-Hwang Mango) Taiwan 2010* 48±0.3 7 Normal, 10 50 NS Bread, 2h Standard Capillary,"
77,"Foods, Toowong, Australia) Australia 2000",42,"Foods, Toowong, Australia) Australia 2000 42±3 6 Normal, 10 50 217.4 Glucose, 2h Standard Capillary,"
77,1144 Melon (Cucumis melon)19 Italy 2004,60,"1144 Melon (Cucumis melon)19 Italy 2004 60±9 9 Normal, ≥9 25 338 Glucose, 2h Standard Capillary,"
77,"1145 Watermelon, raw (Citrullus vulgaris-red variety) Malaysia 2008*",55,"1145 Watermelon, raw (Citrullus vulgaris-red variety) Malaysia 2008* 55±3 8 Normal, 10 50 893 Glucose, 2h Standard Capillary,"
77,"1146 Watermelon (Citrullus lanatus), raw, red-fleshed, seeded Malaysia 2017*",48,"1146 Watermelon (Citrullus lanatus), raw, red-fleshed, seeded Malaysia 2017* 48±1 7 Normal, 14 25 236 Glucose, 2h Standard Capillary,"
77,"1147 Watermelon (Citrullus lanatus), raw, red-fleshed, seedless Malaysia 2017*",51,"1147 Watermelon (Citrullus lanatus), raw, red-fleshed, seedless Malaysia 2017* 51±2 8 Normal, 14 25 239 Glucose, 2h Standard Capillary,"
77,"1148 Watermelon (Citrullus lanatus), raw, yellow-fleshed, seedless Malaysia 2017",47,"1148 Watermelon (Citrullus lanatus), raw, yellow-fleshed, seedless Malaysia 2017* 47±2 7 Normal, 14 25 233 Glucose, 2h Standard Capillary,"
77,"1149 Nectarines, raw Australia 2006",43,"1149 Nectarines, raw Australia 2006 43±6 6 Normal, 10 25 324.7 Glucose, 2h Standard Capillary,"
78,"1150 Oranges, navel Australia 2020",45,"1150 Oranges, navel Australia 2020 45±5 7 Normal, 10 50 406.5 Glucose, 2h Standard Capillary,"
78,"Select, Australia) Australia 2008",53,"Select, Australia) Australia 2008 53±4 8 Normal, 10 50 312.5 Glucose, 2h Standard Capillary,"
78,sugar Australia 2016,46,"sugar Australia 2016 46±5 7 Normal, 10 25 95.8 Glucose, 2h Standard Capillary,"
78,"1153 Papaya/paw paw, raw, cut into bite size pieces Singapore 2017*",38,"1153 Papaya/paw paw, raw, cut into bite size pieces Singapore 2017* 38±2 6 Normal, 19 25 274 Glucose, 2h Standard Capillary,"
78,"1154 Papaya/paw paw, raw, puree Singapore 2017*",42,"1154 Papaya/paw paw, raw, puree Singapore 2017* 42±5 6 Normal, 19 25 274 Glucose, 2h Standard Capillary,"
78,1155 Peach (Prunus persica)19 Italy 2004,76,"1155 Peach (Prunus persica)19 Italy 2004 76±9 11 Normal, ≥9 25 410 Glucose, 2h Standard Capillary,"
78,"Shepparton, VIC, Australia) Australia 2007",46,"Shepparton, VIC, Australia) Australia 2007 46±4 7 Normal, 9 50 438.6 Glucose, 2h Standard Capillary,"
78,Australia) Australia 2007,64,"Australia) Australia 2007 64±3 10 Normal, 9 50 314.5 Glucose, 2h Standard Capillary,"
78,"Select, Australia) Australia 2008",46,"Select, Australia) Australia 2008 46±5 7 Normal, 10 50 490.2 Glucose, 2h Standard Capillary,"
78,"Select, Australia) Australia 2008",45,"Select, Australia) Australia 2008 45±4 7 Normal, 10 50 454.5 Glucose, 2h Standard Capillary,"
78,"1160 Pear, Williams, raw, under ripe/crunchy Australia 2015",24,"1160 Pear, Williams, raw, under ripe/crunchy Australia 2015 24±3 4 Normal, 10 25 260.4 Glucose, 2h Standard Capillary,"
78,"1161 Pear, Williams, raw, ripe/soft Australia 2015",33,"1161 Pear, Williams, raw, ripe/soft Australia 2015 33±4 5 Normal, 10 25 260.4 Glucose, 2h Standard Capillary,"
78,"1162 Pear slices, canned in natural juice (SPC Ltd, Australia) Australia 2015",31,"1162 Pear slices, canned in natural juice (SPC Ltd, Australia) Australia 2015 31±2 5 Normal, 10 50 181.3 Glucose, 2h Standard Capillary,"
78,1163 Persimmon (Diospyros kaki)19 Italy 2004,61,"1163 Persimmon (Diospyros kaki)19 Italy 2004 61±8 9 Normal, ≥9 25 156 Glucose, 2h Standard Capillary,"
79,"1164 Pineapple, raw (Ananas comosa) Malaysia 2008*",82,"1164 Pineapple, raw (Ananas comosa) Malaysia 2008* 82±4 12 Normal, 9 50 543 Glucose, 2h Standard Capillary,"
79,Australia) Australia 2008,43,"Australia) Australia 2008 43±4 6 Normal, 10 50 312.5 Glucose, 2h Standard Capillary,"
79,"Select, Australia) Australia 2007",55,"Select, Australia) Australia 2007 55±5 8 Normal, 10 50 384.6 Glucose, 2h Standard Capillary,"
79,Australia 2008,53,"Australia 2008 53±7 8 Normal, 10 50 424.5 Glucose, 2h Standard Capillary,"
79,"1168 Prunes, pitted (Sunsweet Growers Inc., Yuba City, USA) USA 2000",29,"1168 Prunes, pitted (Sunsweet Growers Inc., Yuba City, USA) USA 2000 29±4 4 Normal, 10 50 68.2 Glucose, 2h Standard Capillary,"
79,"City, USA) USA 2009",40,"City, USA) USA 2009 40±6 6 Normal, 10 50 90.9 Glucose, 2h Standard Capillary,"
79,"1170 Raisins (Sun Maid, USA) USA 2013",49,"1170 Raisins (Sun Maid, USA) USA 2013 49±4 7 Normal, 10 50 69.0 Bread, 2h Standard Capillary,"
79,1171 Raisins Canada 2018*,55,"1171 Raisins Canada 2018* 55±5 8 Normal, 10 50 64.8 Bread, 2h Standard Capillary,"
79,1172 Raisins (Vitis vinifera Linn.) China 2018*,56,"1172 Raisins (Vitis vinifera Linn.) China 2018* 56±5 8 Normal, 11 50 75.2 Glucose, 2h Standard Capillary,"
79,1173 Raisins USA 2009,61,"1173 Raisins USA 2009 61±4 9 Normal, 10 50 79.9 Glucose, 2h Standard Capillary,"
79,"1174 Strawberries, fresh, raw Australia 2001",40,"1174 Strawberries, fresh, raw Australia 2001 40±7 6 Normal, 10 25 925 Glucose, 2h Standard Capillary,"
79,"1175 Sultanas (Value, UK) UK 2005",56,"1175 Sultanas (Value, UK) UK 2005 56±6 8 Normal, 10 50 72.0 Glucose, 2h Standard Capillary,"
79,1176 Sultanas Canada 2018*,51,"1176 Sultanas Canada 2018* 51±4 8 Normal, 10 50 67 Bread, 2h Standard Capillary,"
80,South Africa 2007,54,"South Africa 2007 54±3 8 Normal, 10 50 526.3 Glucose, 2h Standard Capillary,"
80,"1178 Mixed fruit, dried (Value, UK) UK 2005",60,"1178 Mixed fruit, dried (Value, UK) UK 2005 60±7 9 Normal, 10 50 73.6 Glucose, 2h Standard Capillary,"
80,Australia) Australia 2000,59,"Australia) Australia 2000 59±8 9 Normal, 10 50 238.1 Bread, 2h Standard Capillary,"
80,"Ltd, Berri, Australia) Australia 1998",39,"Ltd, Berri, Australia) Australia 1998 39±5 8 Normal, 10 50 NS Bread, 2h Standard Capillary,"
80,"1181 Apple juice, Granny Smith, unsweetened Australia 2003",44,"1181 Apple juice, Granny Smith, unsweetened Australia 2003 44±3 9 Normal, 10 50 442.5 Glucose, 2h Standard Capillary,"
80,"1182 Apple juice, green apple (100%) (Pfanner, Italy) Italy 2011",67,"1182 Apple juice, green apple (100%) (Pfanner, Italy) Italy 2011 67±7 13 Normal, 9 50 446 Glucose, 2h Standard Capillary,"
80,"Company, Wandin, VIC, Australia) Australia 2001",44,"Company, Wandin, VIC, Australia) Australia 2001 44±2 9 Normal, 10 50 438.6 Glucose, 2h Standard Capillary,"
80,"Fruit Company, Australia) Australia 2001",37,"Fruit Company, Australia) Australia 2001 37±3 7 Normal, 10 50 476.2 Glucose, 2h Standard Capillary,"
80,Australia) Australia 2003,45,"Australia) Australia 2003 45±4 9 Normal, 10 50 500.0 Glucose, 2h Standard Capillary,"
80,"Fruit Company, Australia) Australia 2001",43,"Fruit Company, Australia) Australia 2001 43±3 9 Normal, 10 50 378.8 Glucose, 2h Standard Capillary,"
80,"About Fruit Company, Australia) Australia 2002",47,"About Fruit Company, Australia) Australia 2002 47±5 9 Normal, 10 50 454.5 Glucose, 2h Standard Capillary,"
80,"Fruit Company, Australia) Australia 2004",47,"Fruit Company, Australia) Australia 2004 47±5 9 Normal, 10 50 384.6 Glucose, 2h Standard Capillary,"
80,"Wild About Fruit Company, Australia) Australia 2004",48,"Wild About Fruit Company, Australia) Australia 2004 48±5 10 Normal, 10 50 390.6 Glucose, 2h Standard Capillary,"
80,"1190 Carrot juice, freshly made Australia 2002",43,"1190 Carrot juice, freshly made Australia 2002 43±3 4 Normal, 9 25 342.5 Glucose, 2h Standard Capillary,"
81,"1191 Cranberry juice cocktail (Ocean Spray, Melbourne, Australia) Australia 2000",52,"1191 Cranberry juice cocktail (Ocean Spray, Melbourne, Australia) Australia 2000 52±3 10 Normal, 10 50 403 Glucose, 2h Standard Capillary,"
81,"Middleboro, MA, USA) USA 2000",68,"Middleboro, MA, USA) USA 2000 68±3 14 Normal, 10 50 357 Glucose, 2h Standard Capillary,"
81,"Bridgewater, Somerset, UK) UK 2000",56,"Bridgewater, Somerset, UK) UK 2000 56±4 11 Normal, 10 50 431 Glucose, 2h Standard Capillary,"
81,"1194 Grape juice, 100%, Daily C (W eichuan Shanghai, China) China 2019",63,"1194 Grape juice, 100%, Daily C (W eichuan Shanghai, China) China 2019 63±5 13 Normal, 10 50 365.9 Glucose, 2h Standard Capillary,"
81,"1195 Grape Nectar (Chateau Barossa, Lyndoch, SA, Australia) Australia 2003",52,"1195 Grape Nectar (Chateau Barossa, Lyndoch, SA, Australia) Australia 2003 52±5 10 Normal, 9 50 63.9 Glucose, 2h Standard Capillary,"
81,1196 Orange juice New Zealand 2019,41,"1196 Orange juice New Zealand 2019 41±3 8 Normal, 10 50 563.6 Glucose, 2h Standard Capillary,"
81,2007,48,"2007 48±4 10 Normal, 10 50 NS Bread, 2h Standard Capillary,"
81,"Juicy brand (Berri Ltd, Australia) Australia 2007",54,"Juicy brand (Berri Ltd, Australia) Australia 2007 54±5 11 Normal, 10 50 588.2 Glucose, 2h Standard Capillary,"
81,"1199 POM Pomegranate juice (POM Wonderful LLC, USA) USA 2009",53,"1199 POM Pomegranate juice (POM Wonderful LLC, USA) USA 2009 53±3 11 Normal, 9 50 313.2 Glucose, 2h Standard Capillary,"
81,"1200 Prune juice (Golden Circle, Australia) Australia 2004",43,"1200 Prune juice (Golden Circle, Australia) Australia 2004 43±3 9 Normal, 9 50 362.3 Glucose, 2h Standard Capillary,"
81,2007,23,"2007 23±6 2 Normal, 10 50 NS Bread, 2h Standard Capillary,"
81,"1202 Tomato juice, canned, no added sugar (Berri Ltd, Aust ralia) Australia 2002",38,"1202 Tomato juice, canned, no added sugar (Berri Ltd, Aust ralia) Australia 2002 38±4 4 Normal, 10 25 892.9 Glucose, 2h Standard Capillary,"
81,blended using an automatic juicer to form a juice Malaysia 2017*,51,"blended using an automatic juicer to form a juice Malaysia 2017* 51±1 10 Normal, 14 25 236 Glucose, 2h Standard Capillary,"
82,Australia 2006,47,"Australia 2006 47±3 9 Normal, 10 50 492.0 Glucose, 2h Standard Capillary,"
82,and guava puree Australia 2006,47,"and guava puree Australia 2006 47±3 9 Normal, 10 50 500.9 Glucose, 2h Standard Capillary,"
82,and banana puree Australia 2006,39,"and banana puree Australia 2006 39±3 8 Normal, 10 50 442.2 Glucose, 2h Standard Capillary,"
82,2007,43,"2007 43±6 6 Normal, 10 50 122.0 Glucose, 2h Standard Capillary,"
82,Australia) Australia 2004,50,"Australia) Australia 2004 50±6 8 Normal, 9 50 80.6 Glucose, 2h Standard Capillary,"
82,"Hills, Australia) Australia 1997",55,"Hills, Australia) Australia 1997 55±7 8 Normal, 10 50 NS Bread, 2h Standard Capillary,"
82,"Fruit Apricot spread (Loblaw Brands Limited, Canada) Canada 2007",56,"Fruit Apricot spread (Loblaw Brands Limited, Canada) Canada 2007 56±8 8 Normal, 10 50 125.0 Bread, 2h Standard Capillary,"
82,"Apricot, St Dalfour, Italy) Italy 2010",63,"Apricot, St Dalfour, Italy) Italy 2010 63±6 9 Normal, 10 25 50 Glucose, 2h Standard Capillary,"
82,"albicocca, Rigoni di Asiago, Italy) Italy 2010",63,"albicocca, Rigoni di Asiago, Italy) Italy 2010 63±9 9 Normal, 10 25 65 Glucose, 2h Standard Capillary,"
82,Italy) Italy 2010,69,"Italy) Italy 2010 69±6 10 Normal, 10 25 43 Glucose, 2h Standard Capillary,"
82,"Asiago, Italy) Italy 2009",44,"Asiago, Italy) Italy 2009 44±4 7 Normal, 10 25 100 Glucose, 2h Standard Capillary,"
82,"Schweppes, Australia) Australia 2004",46,"Schweppes, Australia) Australia 2004 46±5 7 Normal, 9 50 101.6 Glucose, 2h Standard Capillary,"
82,"Wild Blueberry, St. Dalfour, Italy) Italy 2010",74,"Wild Blueberry, St. Dalfour, Italy) Italy 2010 74±5 11 Normal, 10 25 48 Glucose, 2h Standard Capillary,"
82,"selvatici, Bonne Maman, Italy) Italy 2010",63,"selvatici, Bonne Maman, Italy) Italy 2010 63±3 9 Normal, 10 25 44 Glucose, 2h Standard Capillary,"
82,Italy 2010,51,"Italy 2010 51±9 8 Normal, 10 25 64 Glucose, 2h Standard Capillary,"
83,Australia 2006,29,"Australia 2006 29±4 4 Normal, 10 50 79.4 Glucose, 2h Standard Capillary,"
83,"1220 Ginger Spread, sucrose-free (Buderim Ginger, Australia) Australia 2006",10,"1220 Ginger Spread, sucrose-free (Buderim Ginger, Australia) Australia 2006 10±2 2 Normal, 10 50 83.2 Glucose, 2h Standard Capillary,"
83,"1221 Ginger marmalade, Original (Buderim Ginger, Australia) Australia 2006",50,"1221 Ginger marmalade, Original (Buderim Ginger, Australia) Australia 2006 50±7 8 Normal, 10 50 67.2 Glucose, 2h Standard Capillary,"
83,"Orange Spread, Thick Cut St Dalfour, Italy) Italy 2010",68,"Orange Spread, Thick Cut St Dalfour, Italy) Italy 2010 68±6 10 Normal, 10 25 53 Glucose, 2h Standard Capillary,"
83,Italy 2010,51,"Italy 2010 51±8 8 Normal, 10 25 52 Glucose, 2h Standard Capillary,"
83,"Bonne Maman, Italy) Italy 2010",55,"Bonne Maman, Italy) Italy 2010 55±6 8 Normal, 10 25 42 Glucose, 2h Standard Capillary,"
83,"sugar (Freedom Foods, Australia) Australia 2006",27,"sugar (Freedom Foods, Australia) Australia 2006 27±3 4 Normal, 9 50 111.1 Glucose, 2h Standard Capillary,"
83,1226 Orange marmalade Australia 1997,48,"1226 Orange marmalade Australia 1997 48±9 7 Normal, 9 50 NS Bread, 2h Standard Capillary,"
83,Australia 2004,55,"Australia 2004 55±4 8 Normal, 9 50 73.4 Glucose, 2h Standard Capillary,"
83,"Rigoni di Asiago, Italy) Italy 2009",47,"Rigoni di Asiago, Italy) Italy 2009 47±4 7 Normal, 10 25 100 Glucose, 2h Standard Capillary,"
83,"Foods, Australia) Australia 2006",26,"Foods, Australia) Australia 2006 26±4 4 Normal, 10 50 108.7 Glucose, 2h Standard Capillary,"
83,Australia 2004,46,"Australia 2004 46±5 7 Normal, 9 50 73.6 Glucose, 2h Standard Capillary,"
83,1231 Strawberry jam Australia 1998,51,"1231 Strawberry jam Australia 1998 51±10 8 Normal, 9 50 NS Bread, 2h Standard Capillary,"
83,"Foods, Australia) Australia 2006",29,"Foods, Australia) Australia 2006 29±4 4 Normal, 10 50 110.4 Glucose, 2h Standard Capillary,"
83,Australia 2004,46,"Australia 2004 46±5 7 Normal, 9 50 82.0 Glucose, 2h Standard Capillary,"
83,Canada 2007,69,"Canada 2007 69±12 10 Normal, 10 50 150.0 Bread, 2h Standard Capillary,"
84,"1235 Breast milk, human, unpasteurized Australia 2011",38,"1235 Breast milk, human, unpasteurized Australia 2011 38±7 4 Normal, 10"
84,"Baulkham Hills, NSW, Australia) Australia 2001",55,"Baulkham Hills, NSW, Australia) Australia 2001 55±6 6 Normal, 11"
84,Australia 2010,30,"Australia 2010 30±3 3 Normal, 10"
84,Australia 2010,67,"Australia 2010 67±6 7 Normal, 10"
84,"(Nutricia, Auckland, New Zealand) New Zealand 2001",35,"(Nutricia, Auckland, New Zealand) New Zealand 2001 35±5 4 Normal, 10"
84,Australia 2010,60,"Australia 2010 60±5 6 Normal, 10"
84,"1241 Nan-1™ infant formula with iron (Nestlé, Australia) Australia 2001",30,"1241 Nan-1™ infant formula with iron (Nestlé, Australia) Australia 2001 30±6 3 Normal, 9"
84,Australia 2010,57,"Australia 2010 57±7 6 Normal, 10"
84,Australia 2010,38,"Australia 2010 38±5 4 Normal, 10"
84,Australia 2010,52,"Australia 2010 52±6 5 Normal, 10"
84,"1245 S-26™ infant formula (Wyeth Nutritionals, Australia) Australia 2001",36,"1245 S-26™ infant formula (Wyeth Nutritionals, Australia) Australia 2001 36±6 4 Normal, 10"
84,(Wyeth Australia Pty Ltd) (42.5 g powder + 300 g water) Australia 2010,19,"(Wyeth Australia Pty Ltd) (42.5 g powder + 300 g water) Australia 2010 19±3 2 Normal, 10"
84,Australia 2010,26,"Australia 2010 26±4 3 Normal, 10"
85,(Wyeth Australia Pty Ltd) (44.0 g powder + 303.2 g water) Australia 2010,34,"(Wyeth Australia Pty Ltd) (44.0 g powder + 303.2 g water) Australia 2010 34±7 3 Normal, 10"
85,Australia 2010,37,"Australia 2010 37±4 4 Normal, 10"
85,Australia 2010,23,"Australia 2010 23±6 2 Normal, 10"
85,Australia 2010,18,"Australia 2010 18±3 2 Normal, 10"
85,"1252 Growing up beverage powder, product 1 Malaysia 2011",66,"1252 Growing up beverage powder, product 1 Malaysia 2011 66±6 7 Normal, 11"
85,"1253 Growing up beverage powder, product 2 Indonesia 2011",55,"1253 Growing up beverage powder, product 2 Indonesia 2011 55±5 6 Normal, 11"
85,"1254 Growing up beverage powder, product 3 Malaysia 2011",23,"1254 Growing up beverage powder, product 3 Malaysia 2011 23±4 2 Normal, 11"
85,"1255 Growing up beverage powder, product 4 Indonesia 2011",51,"1255 Growing up beverage powder, product 4 Indonesia 2011 51±3 5 Normal, 11"
85,"1256 Growing up beverage powder, product 5 Malaysia 2011",54,"1256 Growing up beverage powder, product 5 Malaysia 2011 54±5 5 Normal, 11"
85,"1257 Growing up beverage powder, product 6 Indonesia 2011",43,"1257 Growing up beverage powder, product 6 Indonesia 2011 43±3 4 Normal, 11"
85,"1258 Growing up beverage powder, product 7 Malaysia 2011",68,"1258 Growing up beverage powder, product 7 Malaysia 2011 68±6 7 Normal, 11"
85,"4 months (Nutricia, Wells, UK) UK 2001",56,"4 months (Nutricia, Wells, UK) UK 2001 56±8 6 Normal, 11"
85,Republic 2005,46,"Republic 2005 46±5 5 Normal, 20"
85,Australia 2010,29,"Australia 2010 29±4 3 Normal, 10"
85,"ages 4 – 6 months, commercial Australia 2010",44,"ages 4 – 6 months, commercial Australia 2010 44±4 4 Normal, 10"
86,"Baby from 4 months (Heinz Wattie's Ltd, Australia) Australia 2001",67,"Baby from 4 months (Heinz Wattie's Ltd, Australia) Australia 2001 67±11 7 Normal, 10"
86,"(Nutricia, Wells, UK) UK 2001",59,"(Nutricia, Wells, UK) UK 2001 59±8 6 Normal, 11"
86,Australia 2010,38,"Australia 2010 38±3 4 Normal, 10"
86,mL water Australia 2010,65,"mL water Australia 2010 65±7 7 Normal, 10"
86,Australia 2010,36,"Australia 2010 36±4 4 Normal, 10"
86,Australia 2010,52,"Australia 2010 52±4 5 Normal, 10"
86,prepared with 239 mL water Australia 2010,74,"prepared with 239 mL water Australia 2010 74±7 7 Normal, 10"
86,"Ltd., Malvern, Australia) Australia 2001",95,"Ltd., Malvern, Australia) Australia 2001 95±13 10 Normal, 11"
86,mL water Australia 2010,74,"mL water Australia 2010 74±8 7 Normal, 10"
86,UK 2001,59,"UK 2001 59±6 6 Normal, 11"
86,"Wattie's Ltd, Australia) Australia 2001",65,"Wattie's Ltd, Australia) Australia 2001 65±13 7 Normal, 11"
86,consistency Australia 2010,61,"consistency Australia 2010 61±3 6 Normal, 10"
86,Australia 2010,54,"Australia 2010 54±7 5 Normal, 10"
86,Australia 2010,46,"Australia 2010 46±4 5 Normal, 10"
86,Australia 2010,43,"Australia 2010 43±5 4 Normal, 10"
87,"1278 Baked Beans in Cheesy Tomato sauce (HJ Heinz, Australi a) Australia 2006",44,"1278 Baked Beans in Cheesy Tomato sauce (HJ Heinz, Australi a) Australia 2006 44±4 7 Normal, 9 50 318.5 Glucose, 2h Standard Capillary,"
87,"1279 Baked Beans in Barbecue sauce (HJ Heinz, Australia) Australia 2006",47,"1279 Baked Beans in Barbecue sauce (HJ Heinz, Australia) Australia 2006 47±4 7 Normal, 9 50 274.7 Glucose, 2h Standard Capillary,"
87,"1280 Baked Beans in Ham sauce (HJ Heinz, Australia) Australia 2006",53,"1280 Baked Beans in Ham sauce (HJ Heinz, Australia) Australia 2006 53±4 8 Normal, 10 50 299.4 Glucose, 2h Standard Capillary,"
87,"1281 Baked Beans in Sweet Chilli sauce (HJ Heinz, Australia ) Australia 2006",46,"1281 Baked Beans in Sweet Chilli sauce (HJ Heinz, Australia ) Australia 2006 46±3 7 Normal, 10 50 292.4 Glucose, 2h Standard Capillary,"
87,"1282 Baked Beans in Tomato sauce (HJ Heinz, Australia) Australia 2006",40,"1282 Baked Beans in Tomato sauce (HJ Heinz, Australia) Australia 2006 40±5 6 Normal, 10 50 381.7 Glucose, 2h Standard Capillary,"
87,Australia 2003,57,"Australia 2003 57±7 9 Normal, 10 50 322.6 Glucose, 2h Standard Capillary,"
87,Australia) Australia 2018,35,"Australia) Australia 2018 35±3 5 Normal, 12 25 131.6 Glucose, 2h Standard Capillary,"
87,"Edgell's™ brand (Simplot Australia, Australia) Australia 2003",38,"Edgell's™ brand (Simplot Australia, Australia) Australia 2003 38±3 6 Normal, 10 25 168.9 Glucose, 2h Standard Capillary,"
87,"1286 Chickpeas, dried, roasted (‘chicknuts’) Crete 2006",39,"1286 Chickpeas, dried, roasted (‘chicknuts’) Crete 2006 39±4 6 Normal, 10 50 82.0 Glucose, 2h Standard Capillary,"
87,"Chilled Foods Pty Ltd, ACT, Australia) Australia 2007",22,"Chilled Foods Pty Ltd, ACT, Australia) Australia 2007 22±5 3 Normal, 11 25 140.4 Glucose, 2h Standard Capillary,"
87,USA 2016,15,"USA 2016 15±3 2 Normal, 10 25 259 Bread, 2h Standard Capillary,"
87,"brand (Simplot Australia, Australia) Australia 2003",43,"brand (Simplot Australia, Australia) Australia 2003 43±5 6 Normal, 10 25 148.9 Glucose, 2h Standard Capillary,"
87,"(Simplot Australia, Australia) Australia 2003",36,"(Simplot Australia, Australia) Australia 2003 36±4 5 Normal, 10 25 165.6 Glucose, 2h Standard Capillary,"
88,Canada 2017*,10,"Canada 2017* 10±3 2 Normal, 10 25 170.1 Bread, 2h Standard Capillary,"
88,Canada 2017*,23,"Canada 2017* 23±5 3 Normal, 10 25 192.3 Bread, 2h Standard Capillary,"
88,Canada 2017*,14,"Canada 2017* 14±3 2 Normal, 10 25 158.2 Bread, 2h Standard Capillary,"
88,Canada 2017*,17,"Canada 2017* 17±4 3 Normal, 10 25 153.4 Bread, 2h Standard Capillary,"
88,Canada 2017*,15,"Canada 2017* 15±5 2 Normal, 10 25 206.6 Bread, 2h Standard Capillary,"
88,Canada 2017*,13,"Canada 2017* 13±2 2 Normal, 10 25 200 Bread, 2h Standard Capillary,"
88,Canada 2017*,18,"Canada 2017* 18±3 3 Normal, 10 25 204.9 Bread, 2h Standard Capillary,"
88,Canada 2017*,18,"Canada 2017* 18±3 3 Normal, 10 25 188 Bread, 2h Standard Capillary,"
88,"Australia, Australia) Australia 2008",42,"Australia, Australia) Australia 2008 42±5 6 Normal, 10 25 182.5 Glucose, 2h Standard Capillary,"
89,"1300 Mung bean, fried Australia 1998",53,"1300 Mung bean, fried Australia 1998 53±8 8 Normal, 10 50 NS Bread, 2h Standard Capillary,"
89,"1301 Mung bean, germinated Australia 1998",25,"1301 Mung bean, germinated Australia 1998 25±4 4 Normal, 10 50 NS Bread, 2h Standard Capillary,"
89,"1302 Mung bean, pressure cooked Australia 1998",42,"1302 Mung bean, pressure cooked Australia 1998 42±5 6 Normal, 10 50 NS Bread, 2h Standard Capillary,"
89,"Ltd, Australia) Australia 2007",63,"Ltd, Australia) Australia 2007 63±9 9 Normal, 10 25 423.7 Glucose, 2h Standard Capillary,"
89,"Australia, Cheltenham, Australia) Australia 2003",36,"Australia, Cheltenham, Australia) Australia 2003 36±3 5 Normal, 10 25 163.4 Glucose, 2h Standard Capillary,"
89,"Australia, Cheltenham, Australia) Australia 2003",31,"Australia, Cheltenham, Australia) Australia 2003 31±5 5 Normal, 10 25 178.6 Glucose, 2h Standard Capillary,"
89,"Australia, Australia) Australia 2003",37,"Australia, Australia) Australia 2003 37±5 6 Normal, 10 25 154.3 Glucose, 2h Standard Capillary,"
89,Australia 2016,29,"Australia 2016 29±3 4 Normal, 10 25 50.7 Glucose, 2h Standard Capillary,"
89,Australia 2017,36,"Australia 2017 36±4 5 Normal, 10 25 53.1 Glucose, 2h Standard Capillary,"
89,"Ltd, Australia), heated in microwave for 1.5 min Australia 2006",38,"Ltd, Australia), heated in microwave for 1.5 min Australia 2006 38±3 6 Normal, 10 50 285.7 Glucose, 2h Standard Capillary,"
89,"Pleasanton, CA, USA) USA 2006",29,"Pleasanton, CA, USA) USA 2006 29±4 6 Normal, 9 50 129.2 Glucose, 2h Standard Capillary,"
89,"1311 Hazelnut & Apricot bar (Dietworks, South Yarra, Australia) Australia 1999",42,"1311 Hazelnut & Apricot bar (Dietworks, South Yarra, Australia) Australia 1999 42±7 8 Normal, 10 50 105.0 Bread, 2h Standard Capillary,"
89,"City, UT, USA) USA 2000",45,"City, UT, USA) USA 2000 45±4 9 Normal, 10 50 85.7 Glucose, 2h Standard Capillary,"
90,"Salt Lake City, UT, USA) USA 2000",30,"Salt Lake City, UT, USA) USA 2000 30±4 6 Normal, 10 50 250 Glucose, 2h Standard Capillary,"
90,"Inc., Salt Lake City, UT, USA) USA 2000",32,"Inc., Salt Lake City, UT, USA) USA 2000 32±4 6 Normal, 10 50 107.9 Glucose, 2h Standard Capillary,"
90,"1315 Lemon weight management bar (Shaklee Corporation, USA) USA 2006",23,"1315 Lemon weight management bar (Shaklee Corporation, USA) USA 2006 23±4 5 Normal, 10 50 129.2 Glucose, 2h Standard Capillary,"
90,"Science, Australia) Australia 2013",25,"Science, Australia) Australia 2013 25±2 5 Normal, 10 50 144.1 Glucose, 2h Standard Capillary,"
90,"Science, Australia) Australia 2013",29,"Science, Australia) Australia 2013 29±4 6 Normal, 10 50 147.1 Glucose, 2h Standard Capillary,"
90,"Science, Australia) Australia 2018",30,"Science, Australia) Australia 2018 30±3 6 Normal, 10 25 88.3 Glucose, 2h Standard Capillary,"
90,Australia) Australia 2013,20,"Australia) Australia 2013 20±2 4 Normal, 10 25 124.4 Glucose, 2h Standard Capillary,"
90,Australia) Australia 2013,27,"Australia) Australia 2013 27±4 5 Normal, 10 50 135.3 Glucose, 2h Standard Capillary,"
90,"Science, Australia) Australia 2013",27,"Science, Australia) Australia 2013 27±4 5 Normal, 10 50 135.3 Glucose, 2h Standard Capillary,"
90,USA) USA 2006,22,"USA) USA 2006 22±4 4 Normal, 10 50 129.2 Glucose, 2h Standard Capillary,"
90,"Tianyi Cuisine Nutritional Food, China) China 2019",43,"Tianyi Cuisine Nutritional Food, China) China 2019 43±4 9 Normal, 12 25 68.2 Glucose, 2h Standard Capillary,"
90,"(SlimFast Foods Ltd, Slough, Berks, UK) UK 2003",54,"(SlimFast Foods Ltd, Slough, Berks, UK) UK 2003 54±3 11 Normal, 10 50 75.6 Glucose, 2h Standard Capillary,"
90,"Foods Ltd, UK) UK 2003",27,"Foods Ltd, UK) UK 2003 27±3 5 Normal, 10 50 108.2 Glucose, 2h Standard Capillary,"
90,"Ltd, UK) UK 2003",49,"Ltd, UK) UK 2003 49±6 10 Normal, 10 50 77.5 Glucose, 2h Standard Capillary,"
90,2007,39,"2007 39±4 8 Normal, 10 50 146.2 Glucose, 2h Standard Capillary,"
90,2007,41,"2007 41±3 8 Normal, 10 50 142.9 Glucose, 2h Standard Capillary,"
90,"(Herbalife International of America, Inc.) Brazil 2020",22,"(Herbalife International of America, Inc.) Brazil 2020 22±3 4 Normal, 10 25 98.4 Glucose, 2h Standard Capillary,"
91,"Apple (Herbalife International of America, Inc.) USA 2018",15,"Apple (Herbalife International of America, Inc.) USA 2018 15±2 3 Normal, 10 25 62.5 Glucose, 2h Standard Capillary,"
91,"Cream (Herbalife International of America, Inc.) USA 2018",15,"Cream (Herbalife International of America, Inc.) USA 2018 15±2 3 Normal, 10 25 62.5 Glucose, 2h Standard Capillary,"
91,USA 2019,29,"USA 2019 29±4 6 Normal, 10 25 104.2 Glucose, 2h Standard Capillary,"
91,USA 2019,29,"USA 2019 29±4 6 Normal, 10 25 133.3 Glucose, 2h Standard Capillary,"
91,USA 2019,32,"USA 2019 32±4 6 Normal, 10 25 132.5 Glucose, 2h Standard Capillary,"
91,USA 2019,29,"USA 2019 29±3 6 Normal, 10 25 139.6 Glucose, 2h Standard Capillary,"
91,"Australasia Pty Ltd, Australia), prepared with water Australia 2014",21,"Australasia Pty Ltd, Australia), prepared with water Australia 2014 21±2 4 Normal, 10 25 46.7 Glucose, 2h Standard Capillary,"
91,Australia 2014,15,"Australia 2014 15±2 3 Normal, 10 25 46.7 Glucose, 2h Standard Capillary,"
91,Australia 2014,19,"Australia 2014 19±2 4 Normal, 10 25 50.0 Glucose, 2h Standard Capillary,"
91,"Australasia Pty Ltd, Australia), prepared with water Australia 2014",20,"Australasia Pty Ltd, Australia), prepared with water Australia 2014 20±2 4 Normal, 11 25 46.7 Glucose, 2h Standard Capillary,"
91,"Biomedical Technology, Beijing, China) China 2019",35,"Biomedical Technology, Beijing, China) China 2019 35±4 7 Normal, 10 25 45.5 Glucose, 2h Standard Capillary,"
91,"Biomedical Technology, Beijing, China) China 2019",47,"Biomedical Technology, Beijing, China) China 2019 47±3 9 Normal, 10 25 45.5 Glucose, 2h Standard Capillary,"
91,"(Herbalife International of America, Inc.) USA 2017",49,"(Herbalife International of America, Inc.) USA 2017 49±8 10 Normal, 10 25 141.7 Glucose, 2h Standard Capillary,"
91,"Dough (Herbalife International of America, Inc.) USA 2017",42,"Dough (Herbalife International of America, Inc.) USA 2017 42±6 8 Normal, 10 25 138.5 Glucose, 2h Standard Capillary,"
92,Australia 2009,23,"Australia 2009 23±3 5 Normal, 10 25 136.2 Glucose, 2h Standard Capillary,"
92,Australia 2009,30,"Australia 2009 30±4 6 Normal, 10 25 101.2 Glucose, 2h Standard Capillary,"
92,Australia 2009,30,"Australia 2009 30±4 6 Normal, 10 25 101.2 Glucose, 2h Standard Capillary,"
92,chocolate flavor Australia 2004,35,"chocolate flavor Australia 2004 35±5 7 Normal, 10 25 73.3 Glucose, 2h Standard Capillary,"
92,vanilla flavor Australia 2004,32,"vanilla flavor Australia 2004 32±4 6 Normal, 10 25 59.0 Glucose, 2h Standard Capillary,"
92,"1349 Meal Shake Solid Beverage, Lychee Rose (Mary Kay, Chi na) China 2020",44,"1349 Meal Shake Solid Beverage, Lychee Rose (Mary Kay, Chi na) China 2020 44±4 9 Normal, 12 25 73.8 Glucose, 2h Standard Capillary,"
92,China 2020,27,"China 2020 27±4 5 Normal, 12 25 358.7 Glucose, 2h Standard Capillary,"
92,"Lake City, USA) USA 2000",26,"Lake City, USA) USA 2000 26±3 5 Normal, 10 25 545.9 Glucose, 2h Standard Capillary,"
92,USA 2007,20,"USA 2007 20±2 4 Normal, 10 50 126.9 Glucose, 2h Standard Capillary,"
92,USA 2013,49,"USA 2013 49±4 10 Normal, 10 25 73.1 Glucose, 2h Standard Capillary,"
92,"Australia), prepared with water Australia 2012",24,"Australia), prepared with water Australia 2012 24±3 5 Normal, 10 50 120.2 Glucose, 2h Standard Capillary,"
92,"Australia), prepared with water Australia 2014",34,"Australia), prepared with water Australia 2014 34±4 7 Normal, 10 50 120.2 Glucose, 2h Standard Capillary,"
92,"Australia), prepared with water Australia 2013",31,"Australia), prepared with water Australia 2013 31±3 6 Normal, 10 50 120.2 Glucose, 2h Standard Capillary,"
92,"Australia), prepared with water Australia 2013",31,"Australia), prepared with water Australia 2013 31±3 6 Normal, 10 50 120.2 Glucose, 2h Standard Capillary,"
92,"Australia), prepared with water Australia 2013",27,"Australia), prepared with water Australia 2013 27±3 5 Normal, 10 50 120.2 Glucose, 2h Standard Capillary,"
92,"Australia), prepared with water Australia 2013",27,"Australia), prepared with water Australia 2013 27±3 5 Normal, 10 50 120.2 Glucose, 2h Standard Capillary,"
93,"(Indevex AB, Sweden) Sweden 2004",28,"(Indevex AB, Sweden) Sweden 2004 28±5 6 Normal, 10 25 NS Glucose, 2h Standard Capillary,"
93,"water (Indevex AB, Sweden) Sweden 2004",28,"water (Indevex AB, Sweden) Sweden 2004 28±5 6 Normal, 10 25 NS Glucose, 2h Standard Capillary,"
93,"(Slim Fast Foods Company, Englewood, NJ, USA) USA 2006",37,"(Slim Fast Foods Company, Englewood, NJ, USA) USA 2006 37±5 7 Normal, 10 50 500.0 Glucose, 2h Standard Capillary,"
93,"shake (SlimFast Foods Ltd, UK) UK 2003",33,"shake (SlimFast Foods Ltd, UK) UK 2003 33±3 7 Normal, 9 50 445.0 Glucose, 2h Standard Capillary,"
93,Australia 2006,22,"Australia 2006 22±2 4 Normal, 10 50 92.6 Glucose, 2h Standard Capillary,"
93,"Australia), prepared with water Australia 2013",31,"Australia), prepared with water Australia 2013 31±3 6 Normal, 9 50 141.2 Glucose, 2h Standard Capillary,"
93,"Australia), prepared with water Australia 2014",25,"Australia), prepared with water Australia 2014 25±3 5 Normal, 10 50 122.9 Glucose, 2h Standard Capillary,"
93,"Australia), prepared with water Australia 2013",24,"Australia), prepared with water Australia 2013 24±3 5 Normal, 10 50 120.0 Glucose, 2h Standard Capillary,"
93,"(SlimFast Foods Ltd, UK), prepared with water UK 2003",20,"(SlimFast Foods Ltd, UK), prepared with water UK 2003 20±2 4 Normal, 10 50 119.0 Glucose, 2h Standard Capillary,"
93,"Zoetermeer, Netherlands) Netherlands 2016*",34,"Zoetermeer, Netherlands) Netherlands 2016* 34±4 10 Normal,"
93,"Zoetermeer, Netherlands) Netherlands 2016*",33,"Zoetermeer, Netherlands) Netherlands 2016* 33±6 10 Normal,"
93,"Zoetermeer, Netherlands) Netherlands 2016*",28,"Zoetermeer, Netherlands) Netherlands 2016* 28±4 8 Normal,"
93,"Diasip, ready-to-drink (mean)",32,"Diasip, ready-to-drink, mean of 3 studies 32"
93,Australia 1998,50,"Australia 1998 50±8 15 Normal, 10 50 344.8 Bread, 2h Standard Capillary,"
93,"1373 Ensure™, vanilla (Abbott Australasia) Australia 1999",48,"1373 Ensure™, vanilla (Abbott Australasia) Australia 1999 48±3 14 Normal, 10 50 NS Glucose, 2h Standard Capillary,"
93,"1374 Ensure™ bar, chocolate fudge brownie (Abbott Austral asia) Australia 2000",43,"1374 Ensure™ bar, chocolate fudge brownie (Abbott Austral asia) Australia 2000 43±3 13 Normal, 10 50 97.4 Glucose, 2h Standard Capillary,"
94,with 304.2 mL water (Abbott Nutrition International) Australia 2005,51,"with 304.2 mL water (Abbott Nutrition International) Australia 2005 51±5 15 Normal, 9 50 85.5 Glucose, 2h Standard Capillary,"
94,"1376 Ensure Plus™, vanilla (Abbott Australasia) Australia 2000",40,"1376 Ensure Plus™, vanilla (Abbott Australasia) Australia 2000 40±4 12 Normal, 10 50 250 Glucose, 2h Standard Capillary,"
94,"Inc, Ashland, USA) USA 2000",36,"Inc, Ashland, USA) USA 2000 36±4 11 Normal, 10 50 216.5 Glucose, 2h Standard Capillary,"
94,Vietnam 2018,48,"Vietnam 2018 48±3 14 Normal, 10 50 77.4 Glucose, 2h Standard Capillary,"
94,"Nutrition, Canada) Canada 2002",20,"Nutrition, Canada) Canada 2002 20±2 6 Normal, 9 50 79.4 Glucose, 2h Standard Capillary,"
94,"Laboratories Inc, USA) USA",15,"Laboratories Inc, USA) USA 15±3 5 Normal, 9 50 NS Glucose, 2h Standard Capillary,"
94,"1381 Glucerna™, vanilla flavor (Abbott Nutrition Internatio nal) Australia 2005",19,"1381 Glucerna™, vanilla flavor (Abbott Nutrition Internatio nal) Australia 2005 19±4 6 Normal, 10 25 319.4 Glucose, 2h Standard Capillary,"
94,"1382 Glucerna™, vanilla flavor (Abbott Nutrition Internatio nal) Japan 2005",20,"1382 Glucerna™, vanilla flavor (Abbott Nutrition Internatio nal) Japan 2005 20±4 6 Normal, 10 25 327.3 Glucose, 2h Standard Capillary,"
94,Canada 2018,23,"Canada 2018 23±4 7 Normal, 10 25 257.6 Glucose, 2h Standard Capillary,"
94,"1384 Glucerna™, vanilla (Abbott Laboratories Inc., USA) USA 2005",31,"1384 Glucerna™, vanilla (Abbott Laboratories Inc., USA) USA 2005 31±2 9 Normal, 10 25 NS Glucose, 2h Standard Capillary,"
94,Nutrition International) Australia 2006,16,"Nutrition International) Australia 2006 16±3 5 Normal, 9 25 395.6 Glucose, 2h Standard Capillary,"
94,"Laboratories Inc., USA) USA 2002",23,"Laboratories Inc., USA) USA 2002 23±5 7 Normal, 9 25 502.2 Glucose, 2h Standard Capillary,"
94,"mixed in 670 mL water (Dr. Reddy's Laboratories, India) India 2019*",27,"mixed in 670 mL water (Dr. Reddy's Laboratories, India) India 2019* 27±5 8 Normal, 15 25 134 Glucose, 2h Standard Capillary,"
94,"mixed in 765 mL water (Dr. Reddy's Laboratories, India) India 2019*",37,"mixed in 765 mL water (Dr. Reddy's Laboratories, India) India 2019* 37±4 11 Normal, 15 25 153 Glucose, 2h Standard Capillary,"
94,India 2020,36,"India 2020 36±4 11 Normal, 10 50 120.5 Glucose, 2h Standard Capillary,"
94,1390 Inslow™ (Abbott Nutrition International -Japan) Japan 2005,25,"1390 Inslow™ (Abbott Nutrition International -Japan) Japan 2005 25±3 8 Normal, 9 25 246.1 Glucose, 2h Standard Capillary,"
94,"1391 Isocal, ready-to-drink (Nestlé Nutrition, Tainan, Taiwan) Taiwan 2016*",79,"1391 Isocal, ready-to-drink (Nestlé Nutrition, Tainan, Taiwan) Taiwan 2016* 79±9 24 Normal,"
95,"1392 Isocal, ready-to-drink (Nestlé Nutrition, Tainan, Taiwan) Taiwan 2016*",82,"1392 Isocal, ready-to-drink (Nestlé Nutrition, Tainan, Taiwan) Taiwan 2016* 82±13 25 Normal,"
95,"1393 Isocal, ready-to-drink (Nestlé Nutrition, Tainan, Taiwan) Taiwan 2016*",85,"1393 Isocal, ready-to-drink (Nestlé Nutrition, Tainan, Taiwan) Taiwan 2016* 85±9 26 Normal,"
95,1394 Jevity™ (Abbott Australasia) Australia 2000,48,"1394 Jevity™ (Abbott Australasia) Australia 2000 48±3 14 Normal, 10 50 364.2 Glucose, 2h Standard Capillary,"
95,Nutrition International) Australia 2005,59,"Nutrition International) Australia 2005 59±6 18 Normal, 9 50 269.4 Glucose, 2h Standard Capillary,"
95,"mL water (PT Mirota KSM, Indonesia) Indonesia 2010",27,"mL water (PT Mirota KSM, Indonesia) Indonesia 2010 27±3 8 Normal, 11 50 80.9 Glucose, 2h Standard Capillary,"
95,China 2019,52,"China 2019 52±5 16 Normal, 12 25 62.5 Glucose, 2h Standard Capillary,"
95,"1398 Peptide 1.5 Plain nutrition formula (Kate Farms, Inc.) USA 2019",26,"1398 Peptide 1.5 Plain nutrition formula (Kate Farms, Inc.) USA 2019 26±4 8 Normal, 10 25 207.4 Glucose, 2h Standard Capillary,"
95,USA) USA 2005,49,"USA) USA 2005 49±8 15 Normal, 10 50 389.1 Glucose, 2h Standard Capillary,"
95,Nutrition International) USA 2005,54,"Nutrition International) USA 2005 54±5 16 Normal, 10 50 317.3 Glucose, 2h Standard Capillary,"
95,Nutrition International) Australia 2005,55,"Nutrition International) Australia 2005 55±5 17 Normal, 9 50 283.5 Glucose, 2h Standard Capillary,"
95,"Corp., Young America, USA), prepared with water USA 2000",34,"Corp., Young America, USA), prepared with water USA 2000 34±3 10 Normal, 10 25 29.1 Glucose, 2h Standard Capillary,"
95,New Zealand) New Zealand 2000,16,"New Zealand) New Zealand 2000 16±4 5 Normal, 11 50 NS Glucose, 2h Standard Venous, plasma Enzymatic 27"
95,Zealand) New Zealand 2000,40,"Zealand) New Zealand 2000 40±8 12 Normal, 11 50 NS Glucose, 2h Standard Venous, plasma Enzymatic 27"
95,New Zealand 2000,47,"New Zealand 2000 47±9 14 Normal, 11 50 NS Glucose, 2h Standard Venous, plasma Enzymatic 27"
95,"(Novartis, New Zealand) New Zealand 2000",54,"(Novartis, New Zealand) New Zealand 2000 54±7 16 Normal, 11 50 NS Glucose, 2h Standard Venous, plasma Enzymatic 27"
95,USA 2019*,27,"USA 2019* 27±2 8 Normal, 14 50 473.2 Glucose, 2h Standard Capillary,"
95,China 2017*,118,"China 2017* 118±14 35 Normal, 10 50 NS Glucose, 2h Standard Capillary,"
96,Sweden 2017*,106,"Sweden 2017* 106±13 32 Normal, 10 50 NS Glucose, 2h Standard Capillary,"
96,USA) USA 2019,31,"USA) USA 2019 31±3 9 Normal, 10 25 249.7 Glucose, 2h Standard Capillary,"
96,USA) USA 2019,26,"USA) USA 2019 26±2 8 Normal, 10 25 267.1 Glucose, 2h Standard Capillary,"
96,"1412 Standard 1.4 Plain nutrition formula (Kate Farms, Inc. , USA) USA 2019",51,"1412 Standard 1.4 Plain nutrition formula (Kate Farms, Inc. , USA) USA 2019 51±5 15 Normal, 10 25 182.3 Glucose, 2h Standard Capillary,"
96,"Australia), prepared with water Australia 2013",34,"Australia), prepared with water Australia 2013 34±4 10 Normal, 10 50 112.4 Glucose, 2h Standard Capillary,"
96,"Science, Australia) Australia 2013",30,"Science, Australia) Australia 2013 30±3 9 Normal, 10 50 542.3 Glucose, 2h Standard Capillary,"
96,"Squibb, Rydalmere, Australia) Australia 1999",31,"Squibb, Rydalmere, Australia) Australia 1999 31±4 9 Normal, 10 50 303.0 Bread, 2h Standard Capillary,"
96,Australia 1999,33,"Australia 1999 33±4 10 Normal, 10 50 101.0 Bread, 2h Standard Capillary,"
96,"Science, Australia), prepared with water Australia 2018",46,"Science, Australia), prepared with water Australia 2018 46±3 14 Normal, 10 50 76.9 Glucose, 2h Standard Capillary,"
96,"Science, Australia), prepared with water Australia 2015",49,"Science, Australia), prepared with water Australia 2015 49±5 15 Normal, 10 50 76.9 Glucose, 2h Standard Capillary,"
96,"Science, Australia), prepared with water Australia 2015",48,"Science, Australia), prepared with water Australia 2015 48±3 14 Normal, 10 50 76.9 Glucose, 2h Standard Capillary,"
96,"Science, Australia), prepared with water Australia 2012",46,"Science, Australia), prepared with water Australia 2012 46±5 14 Normal, 9 50 76.9 Glucose, 2h Standard Capillary,"
96,"Health Science, Australia), prepared with water Australia 2016",37,"Health Science, Australia), prepared with water Australia 2016 37±3 11 Normal, 10 50 76.9 Glucose, 2h Standard Capillary,"
96,"Science, Australia), prepared with water Australia 2015",54,"Science, Australia), prepared with water Australia 2015 54±3 16 Normal, 10 50 76.9 Glucose, 2h Standard Capillary,"
96,"(Nestlé Health Science, Australia), prepared with water Australia 2015",42,"(Nestlé Health Science, Australia), prepared with water Australia 2015 42±5 13 Normal, 10 50 81.2 Glucose, 2h Standard Capillary,"
96,"(Nestlé Health Science, Australia), prepared with water Australia 2015",45,"(Nestlé Health Science, Australia), prepared with water Australia 2015 45±4 14 Normal, 10 50 80.5 Glucose, 2h Standard Capillary,"
96,"(Mead Johnson, Australia), prepared with water Australia 1999",27,"(Mead Johnson, Australia), prepared with water Australia 1999 27±3 8 Normal, 10 50 84.7 Bread, 2h Standard Capillary,"
97,"Australia), prepared with water Australia 2014",45,"Australia), prepared with water Australia 2014 45±5 14 Normal, 10 50 94.0 Glucose, 2h Standard Capillary,"
97,Australia) Australia 2012,39,"Australia) Australia 2012 39±4 12 Normal, 10 50 330 Glucose, 2h Standard Capillary,"
97,Japan 2005,27,"Japan 2005 27±5 8 Normal, 9 25 240.9 Glucose, 2h Standard Capillary,"
97,flavor (Abbott Nutrition International) Australia 2005,55,"flavor (Abbott Nutrition International) Australia 2005 55±5 17 Normal, 10 50 246.7 Glucose, 2h Standard Capillary,"
97,"(Viplus Dairy Pty Ltd, Australia) Australia 2016",42,"(Viplus Dairy Pty Ltd, Australia) Australia 2016 42±2 13 Normal, 10 50 102.5 Glucose, 2h Standard Capillary,"
97,"1431 Cashew nuts, salted (Coles Supermarkets, Australia) Australia 2001",22,"1431 Cashew nuts, salted (Coles Supermarkets, Australia) Australia 2001 22±5 1 Normal, 10 25 98.0 Glucose, 2h Standard Capillary,"
97,1432 Mixed nuts and raisins UK 2005,21,"1432 Mixed nuts and raisins UK 2005 21±5 1 Normal, 9 50 161.3 Glucose, 2h Standard Capillary,"
97,"1433 Mixed nuts, roasted and salted UK 2005",24,"1433 Mixed nuts, roasted and salted UK 2005 24±10 1 Normal, 9 25 128.2 Glucose, 2h Standard Capillary,"
97,"1434 Barley pasta (celebrity, whole grain fraction), cook ed 5 min Canada 2012*",71,"1434 Barley pasta (celebrity, whole grain fraction), cook ed 5 min Canada 2012* 71±6 28 Normal, 10 50 NS Bread, 2h Standard Capillary,"
97,"1435 Barley pasta (celebrity white pearled fraction), coo ked 5 min Canada 2012*",58,"1435 Barley pasta (celebrity white pearled fraction), coo ked 5 min Canada 2012* 58±4 23 Normal, 10 50 NS Bread, 2h Standard Capillary,"
97,min Canada 2012*,73,"min Canada 2012* 73±7 29 Normal, 10 50 NS Bread, 2h Standard Capillary,"
97,min Canada 2012*,64,"min Canada 2012* 64±4 26 Normal, 10 50 NS Bread, 2h Standard Capillary,"
97,China 2020,46,"China 2020 46±3 18 Normal, 12 50 67.3 Glucose, 2h Standard Capillary,"
98,salted water UK 2005,61,"salted water UK 2005 61±9 24 Normal, 10 50 68.9 Glucose, 2h Standard Capillary,"
98,unsalted water UK 2005,55,"unsalted water UK 2005 55±8 22 Normal, 10 50 80.0 Glucose, 2h Standard Capillary,"
98,"Downs, VIC, Australia) Australia 2007",68,"Downs, VIC, Australia) Australia 2007 68±7 27 Normal, 9 50 67.9 Glucose, 2h Standard Capillary,"
98,"1442 Corn pasta, gluten-free (Orgran Natural Foods, Australia) Australia 2000",78,"1442 Corn pasta, gluten-free (Orgran Natural Foods, Australia) Australia 2000 78±10 31 Normal, 10 50 63.8 Glucose, 2h Standard Capillary,"
98,"1443 Pasta, Penne, gluten free (Dr Schär AG/SPA, Italy) 8 Italy 2015*",48,"1443 Pasta, Penne, gluten free (Dr Schär AG/SPA, Italy) 8 Italy 2015* 48±6 19 Normal, 10 50 64 Glucose, 2h Standard Capillary,"
98,"(Freedom Foods, Australia) Australia 2006",51,"(Freedom Foods, Australia) Australia 2006 51±5 20 Normal, 10 50 64.1 Glucose, 2h Standard Capillary,"
98,Australia) Australia 2000,76,"Australia) Australia 2000 76±6 30 Normal, 9 50 66.5 Glucose, 2h Standard Capillary,"
98,"1446 Rice pasta, gluten-free (Freedom Foods, Australia) Australia 2006",51,"1446 Rice pasta, gluten-free (Freedom Foods, Australia) Australia 2006 51±6 20 Normal, 10 50 NS Glucose, 2h Standard Capillary,"
98,Australia) Australia 2000,29,"Australia) Australia 2000 29±6 12 Normal, 9 50 131.6 Glucose, 2h Standard Capillary,"
98,"1448 Tagliatelle pasta, fresh, gluten free (Sine srl, Ital y)8 Italy 2015*",61,"1448 Tagliatelle pasta, fresh, gluten free (Sine srl, Ital y)8 Italy 2015* 61±6 24 Normal, 10 50 106 Glucose, 2h Standard Capillary,"
98,"1449 Tortellini pasta, fresh, gluten free (Sine srl, Italy )8 Italy 2015*",60,"1449 Tortellini pasta, fresh, gluten free (Sine srl, Italy )8 Italy 2015* 60±7 24 Normal, 10 50 145 Glucose, 2h Standard Capillary,"
98,sauce Australia 2000,68,"sauce Australia 2000 68±9 27 Normal, 10 50 NS Glucose, 2h Standard Capillary,"
98,Zealand) New Zealand 2000,48,"Zealand) New Zealand 2000 48±8 19 Normal, 15 50 NS Glucose, 2h Standard Venous, plasma Enzymatic 27"
98,"Australia), including noodle broth Australia 2005",52,"Australia), including noodle broth Australia 2005 52±7 21 Normal, 9 50 357.1 Glucose, 2h Standard Capillary,"
98,including noodle broth Australia 2008,52,"including noodle broth Australia 2008 52±5 21 Normal, 10 50 416.7 Glucose, 2h Standard Capillary,"
99,"1454 Penne, durum wheat flour (Barilla, Italy) Italy 2006",50,"1454 Penne, durum wheat flour (Barilla, Italy) Italy 2006 50±7 20 Normal, 10 50 71 Glucose, 2h Standard Capillary,"
99,"1455 Penne mezzane, durum wheat flour (De Cecco, Italy) Italy 2008",47,"1455 Penne mezzane, durum wheat flour (De Cecco, Italy) Italy 2008 47±4 19 Normal, 9 50 68 Glucose, 2h Standard Capillary,"
99,Australia 2014,44,"Australia 2014 44±2 18 Normal, 19 50 69.4 Glucose, 2h Standard Capillary,"
99,Australia 2014,50,"Australia 2014 50±2 20 Normal, 19 50 69.4 Glucose, 2h Standard Capillary,"
99,"1458 Pennette integrali, durum wheat wholemeal (Coop, Italy) Italy 2008",48,"1458 Pennette integrali, durum wheat wholemeal (Coop, Italy) Italy 2008 48±9 19 Normal, 10 50 74 Glucose, 2h Standard Capillary,"
99,"1459 Pennette rigate, durum wheat flour (Barilla, Italy) Italy 2008",53,"1459 Pennette rigate, durum wheat flour (Barilla, Italy) Italy 2008 53±5 21 Normal, 10 50 69 Glucose, 2h Standard Capillary,"
99,Italy) Italy 2008,73,"Italy) Italy 2008 73±3 29 Normal, ≥9 50 74 Glucose, 2h Standard Capillary,"
99,"1461 Penne rigate, mini (Piccolini, Barilla, Italy) Italy 2009",59,"1461 Penne rigate, mini (Piccolini, Barilla, Italy) Italy 2009 59±11 24 Normal, 10 50 66 Glucose, 2h Standard Capillary,"
99,Italy 2011,48,"Italy 2011 48±5 19 Normal, 10 50 72 Glucose, 2h Standard Capillary,"
99,"1463 Rice noodles, dried, boiled (Thai World, Bangkok, Tha iland) Thailand 2000",61,"1463 Rice noodles, dried, boiled (Thai World, Bangkok, Tha iland) Thailand 2000 61±6 24 Normal, 12 50 61.3 Glucose, 2h Standard Capillary,"
99,"1464 Rice noodles, freshly made, boiled (Sydney, NSW, Aus tralia) Australia 2000",40,"1464 Rice noodles, freshly made, boiled (Sydney, NSW, Aus tralia) Australia 2000 40±4 16 Normal, 12 50 110.0 Glucose, 2h Standard Capillary,"
99,"1465 Spaghetti n°5 (Barilla, Italy) Italy 2005",33,"1465 Spaghetti n°5 (Barilla, Italy) Italy 2005 33±6 13 Normal, 9 50 69 Glucose, 2h Standard Capillary,"
99,"Concord, ON, Canada) Canada 1999",44,"Concord, ON, Canada) Canada 1999 44±3 18 Normal, 10 50 72.2 Glucose, 2h Standard Capillary,"
99,"1467 Spaghetti, white (Unico, Canada) Canada 2001",45,"1467 Spaghetti, white (Unico, Canada) Canada 2001 45±9 18 Normal, 21 50 NS Glucose, 2h Standard Venous, NS Enzymatic 42"
100,"1468 Spaghetti, white (Nishin Shokuhin, Japan) Japan 2003",46,"1468 Spaghetti, white (Nishin Shokuhin, Japan) Japan 2003 46±9 18 Normal, 10 50 121.0 Rice17, 2h Standard Capillary,"
100,"1469 Spaghetti, white (Unico, Canada) Canada 2001",48,"1469 Spaghetti, white (Unico, Canada) Canada 2001 48±3 19 Normal, 47 50 NS Glucose, 2h Standard Capillary, NS YSI or"
100,"1470 Spaghetti, Svevo 2017 durum wheat line Italy 2019",48,"1470 Spaghetti, Svevo 2017 durum wheat line Italy 2019 48±4 19 Normal, 10 50 67.5 Glucose, 2h Standard Capillary,"
100,Australia 1996,49,"Australia 1996 49±7 20 Normal, 12 50 67.0 Bread, 2h Standard Capillary,"
100,"1472 Spaghetti n°12 (De Cecco, Italy) Italy 2005",50,"1472 Spaghetti n°12 (De Cecco, Italy) Italy 2005 50±9 20 Normal, 10 50 88 Glucose, 2h Standard Capillary,"
100,"1473 Spaghetti classici (Voiello, Italy) Italy 2010",51,"1473 Spaghetti classici (Voiello, Italy) Italy 2010 51±9 20 Normal, 9 50 71 Glucose, 2h Standard Capillary,"
100,"1474 Spaghetti, Svevo 2016 durum wheat line Italy 2017",52,"1474 Spaghetti, Svevo 2016 durum wheat line Italy 2017 52±3 21 Normal, 10 50 77.9 Glucose, 2h Standard Capillary,"
100,Zealand) 13 New Zealand 2011*,56,"Zealand) 13 New Zealand 2011* 56±4 22 Normal, 30 50 NS Glucose, 2h Standard Capillary,"
100,"White spaghetti, boiled (mean)",47,"White spaghetti, boiled, mean of 11 foods 47"
100,Italy 2017,49,"Italy 2017 49±3 20 Normal, 10 50 87.7 Glucose, 2h Standard Capillary,"
100,Italy 2019,38,"Italy 2019 38±3 15 Normal, 10 50 76.6 Glucose, 2h Standard Capillary,"
100,2007,45,"2007 45±5 18 Normal, 10 50 NS Bread, 2h Standard Capillary,"
100,Italy) Italy 2006,35,"Italy) Italy 2006 35±3 14 Normal, 9 50 73 Glucose, 2h Standard Capillary,"
100,"Cecco, Italy) Italy 2005",55,"Cecco, Italy) Italy 2005 55±10 22 Normal, 10 50 93 Glucose, 2h Standard Capillary,"
100,Italy) Italy 2005,53,"Italy) Italy 2005 53±10 21 Normal, 10 50 83 Glucose, 2h Standard Capillary,"
100,"1482 Wholemeal spaghetti, boiled for 8 min Australia 2012",62,"1482 Wholemeal spaghetti, boiled for 8 min Australia 2012 62±4 25 Normal, 9 50 80.0 Glucose, 2h Standard Capillary,"
101,1483 Buckwheat noodles China 2005,59,"1483 Buckwheat noodles China 2005 59±1 24 Normal, 9 50 NS Glucose, 2h Standard Venous, NS NS 12"
101,"(Farfalle con carote e zucca, Piccolini, Barilla, Italy) Italy 2011",44,"(Farfalle con carote e zucca, Piccolini, Barilla, Italy) Italy 2011 44±5 18 Normal, 9 50 71 Glucose, 2h Standard Capillary,"
101,Australia 2000,47,"Australia 2000 47±6 19 Normal, 14 50 NS Glucose, 2h Standard Venous, plasma Enzymatic 27"
101,water for 7 min Australia 2015,22,"water for 7 min Australia 2015 22±3 9 Normal, 10 25 160.3 Glucose, 2h Standard Capillary,"
101,"1487 Hokkien noodles (Fantastic Fresh, Australia) Australia 2015",58,"1487 Hokkien noodles (Fantastic Fresh, Australia) Australia 2015 58±3 23 Normal, 10 50 135.8 Glucose, 2h Standard Capillary,"
101,"1488 Lasagne, egg, dry pasta, boiled in unsalted water fo r 10 min UK 2005",53,"1488 Lasagne, egg, dry pasta, boiled in unsalted water fo r 10 min UK 2005 53±9 21 Normal, 10 50 75.5 Glucose, 2h Standard Capillary,"
101,"Pty Ltd, Australia) Australia 2020",39,"Pty Ltd, Australia) Australia 2020 39±4 16 Normal, 10 50 109.6 Glucose, 2h Standard Capillary,"
101,"1490 Linguine, fresh (Hollywood Foods More than Pasta, Cana da) Canada 2011",31,"1490 Linguine, fresh (Hollywood Foods More than Pasta, Cana da) Canada 2011 31±4 12 Normal, 10 50 NS Glucose, 2h Standard Capillary,"
101,"1491 Low GI Noodles (Holista Biotech Corp., USA) USA 2017",38,"1491 Low GI Noodles (Holista Biotech Corp., USA) USA 2017 38±4 15 Normal, 10 25 37.3 Bread, 2h Standard Capillary,"
101,"Roeselare, Belgium) 11 Belgium 2019*",63,"Roeselare, Belgium) 11 Belgium 2019* 63±3 25 Normal, 13 50 176.4 Glucose, 2h Standard Capillary,"
101,"(Yantai cereals, China) China 2000",39,"(Yantai cereals, China) China 2000 39±9 16 Normal, 11 50 60.4 Glucose, 2h Standard Capillary,"
101,"1494 Noodles, Jianxi rice vermicelli, boiled 8 min China 2010*",56,"1494 Noodles, Jianxi rice vermicelli, boiled 8 min China 2010* 56±7 22 Normal, 10 50 63.3 Glucose, 2h Standard Capillary,"
101,"1495 Noodles, potato China 2005",14,"1495 Noodles, potato China 2005 14±1 6 Normal, 9 50 NS Glucose, 2h Standard Venous, NS NS 12"
101,"starch, boiled 3 min China 2010*",61,"starch, boiled 3 min China 2010* 61±5 24 Normal, 10 50 69.2 Glucose, 2h Standard Capillary,"
101,min China 2010*,68,"min China 2010* 68±12 27 Normal, 10 50 54.4 Glucose, 2h Standard Capillary,"
101,"1498 Pasta, NS Canada 2010*",67,"1498 Pasta, NS Canada 2010* 67±8 27 Normal, 10 50 73 Bread, 2h Standard Capillary,"
101,"(Pipe rigate con pomodori e carote, Piccolini, Barilla, Italy) Italy 2011",47,"(Pipe rigate con pomodori e carote, Piccolini, Barilla, Italy) Italy 2011 47±7 19 Normal, 10 50 73 Glucose, 2h Standard Capillary,"
101,"San Antonio, TX, USA) USA 2003",28,"San Antonio, TX, USA) USA 2003 28±1 11 Normal, 10 50 144.9 Glucose, 2h Standard Capillary,"
102,"(Raviolini con Carne di Vitello, Pastificio Rana SpA, Italy) Italy 2011",58,"(Raviolini con Carne di Vitello, Pastificio Rana SpA, Italy) Italy 2011 58±7 23 Normal, 10 50 123 Glucose, 2h Standard Capillary,"
102,"1502 Rotini (Banza, LLC, USA) USA 2018",44,"1502 Rotini (Banza, LLC, USA) USA 2018 44±9 18 Normal, 10 25 47.6 Glucose, 2h Standard Capillary,"
102,1503 Semolina pasta Canada,78,"1503 Semolina pasta Canada 78±8 31 Normal, 10 50 NS Bread, 2h Standard Capillary,"
102,"Pharmaceuticals, Inc, USA) USA 2004",47,"Pharmaceuticals, Inc, USA) USA 2004 47±7 19 Normal, 10 25 42.4 Glucose, 2h Standard Capillary,"
102,Italy) Italy 2005,55,"Italy) Italy 2005 55±4 22 Normal, 9 50 76 Glucose, 2h Standard Capillary,"
102,"(Pastificio Lo Scoiattolo, Italy) Italy 2011",51,"(Pastificio Lo Scoiattolo, Italy) Italy 2011 51±7 20 Normal, 10 50 70 Glucose, 2h Standard Capillary,"
102,"Gardens, SA, Australia) Australia 2001",62,"Gardens, SA, Australia) Australia 2001 62±8 25 Normal, 10 25 185.9 Glucose, 2h Standard Capillary,"
102,Australia 2018,67,"Australia 2018 67±5 27 Normal, 10 50 172.4 Glucose, 2h Standard Capillary,"
102,"1509 Wheat noodle, dried China 2005",46,"1509 Wheat noodle, dried China 2005 46±2 18 Normal, 10 50 NS Glucose, 2h Standard Venous, NS NS 12"
102,"Shandong, China) China 2016",62,"Shandong, China) China 2016 62±8 25 Normal, 10 25 32.9 Glucose, 2h Standard Capillary,"
102,"(Loblaw Brands Limited, Canada) Canada 2007",90,"(Loblaw Brands Limited, Canada) Canada 2007 90±13 23 Normal, 10 50 66.7 Bread, 2h Standard Capillary,"
102,Canada 2007,34,"Canada 2007 34±3 9 Normal, 10 50 95.2 Bread, 2h Standard Capillary,"
102,1513 Apricot and Almond bar UK 2006,34,"1513 Apricot and Almond bar UK 2006 34±6 9 Normal, 10 50 97.3 Glucose, 2h Standard Capillary,"
102,1514 Apricot dried fruit snack Australia 2001,42,"1514 Apricot dried fruit snack Australia 2001 42±3 11 Normal, 10 50 59.1 Glucose, 2h Standard Capillary,"
102,Australia) Australia 2006,29,"Australia) Australia 2006 29±6 7 Normal, 10 50 62.9 Glucose, 2h Standard Capillary,"
103,"wholemeal pastry (Mother Earth, New Zealand) New Zealand 2000",50,"wholemeal pastry (Mother Earth, New Zealand) New Zealand 2000 50±8 13 Normal, 15 50 NS Glucose, 2h Standard Venous, plasma Enzymatic 27"
103,"free (Aussie Bodies Pty. Ltd., Australia) Australia 2007",40,"free (Aussie Bodies Pty. Ltd., Australia) Australia 2007 40±5 10 Normal, 16 50 101.8 Glucose, 2h Standard Capillary,"
103,"1518 Banana chips, dried banana pieces Australia 2009",44,"1518 Banana chips, dried banana pieces Australia 2009 44±5 11 Normal, 10 50 75.8 Glucose, 2h Standard Capillary,"
103,"1519 Banana Fruit Fingers, Heinz Kidz™ (HJ Heinz, Austral ia) Australia 2000",61,"1519 Banana Fruit Fingers, Heinz Kidz™ (HJ Heinz, Austral ia) Australia 2000 61±11 15 Normal, 10 50 76.9 Glucose, 2h Standard Capillary,"
103,"Malvern, Australia) Australia 2000",61,"Malvern, Australia) Australia 2000 61±11 15 Normal, 10 50 76.9 Glucose, 2h Standard Capillary,"
103,"free (Aussie Bodies Pty. Ltd., Australia) Australia 2007",51,"free (Aussie Bodies Pty. Ltd., Australia) Australia 2007 51±4 13 Normal, 15 50 95.8 Glucose, 2h Standard Capillary,"
103,Australia) Australia 2007,46,"Australia) Australia 2007 46±4 12 Normal, 10 50 146.2 Glucose, 2h Standard Capillary,"
103,"Straps (Windsor Farm Foods, Australia) Australia 2002",35,"Straps (Windsor Farm Foods, Australia) Australia 2002 35±5 9 Normal, 10 50 67.0 Glucose, 2h Standard Capillary,"
103,1524 Citrus Lemon Protein Bar (Herbalife of Japan K.K.) Japan 2018,31,"1524 Citrus Lemon Protein Bar (Herbalife of Japan K.K.) Japan 2018 31±4 8 Normal, 10 50 109.4 Glucose, 2h Standard Capillary,"
103,Canada 2007,33,"Canada 2007 33±2 8 Normal, 10 50 95.2 Bread, 2h Standard Capillary,"
103,"Brands Limited, Canada) Canada 2007",70,"Brands Limited, Canada) Canada 2007 70±8 18 Normal, 10 50 66.7 Bread, 2h Standard Capillary,"
103,"1527 Fruit and nut mix (Finest, UK) UK 2005",15,"1527 Fruit and nut mix (Finest, UK) UK 2005 15±3 4 Normal, 10 50 106.2 Glucose, 2h Standard Capillary,"
103,"1528 Fruit snack processed, Roll-Ups® (Uncle Toby's, Australia) Australia 1998",99,"1528 Fruit snack processed, Roll-Ups® (Uncle Toby's, Australia) Australia 1998 99±12 25 Normal, 10 50 60.8 Bread, 2h Standard Capillary,"
103,"1529 Ginger, candied, sucrose-free (Buderim Ginger, Australia) Australia 2006",10,"1529 Ginger, candied, sucrose-free (Buderim Ginger, Australia) Australia 2006 10±4 3 Normal, 10 50 64.9 Glucose, 2h Standard Capillary,"
103,Australia) Australia 2006,29,"Australia) Australia 2006 29±6 7 Normal, 10 50 62.9 Glucose, 2h Standard Capillary,"
103,"Menu™ (Loblaw Brands Limited, Canada) Canada 2007",74,"Menu™ (Loblaw Brands Limited, Canada) Canada 2007 74±11 19 Normal, 10 50 64.5 Bread, 2h Standard Capillary,"
103,Australia) Australia 1998,90,"Australia) Australia 1998 90±12 23 Normal, 10 50 60.5 Glucose, 2h Standard Capillary,"
104,Canada 2009*,32,"Canada 2009* 32±2 8 Normal, 40 50 69 Glucose, 2h Standard Capillary,"
104,Canada 2009*,34,"Canada 2009* 34±2 9 Normal, 37 50 69 Glucose, 2h Standard Capillary,"
104,Canada 2009*,35,Canada 2009* 35±2 9
104,"Brampton, ON, Canada) Canada 2009*",31,"Brampton, ON, Canada) Canada 2009* 31±2 8"
104,Canada 2009*,35,"Canada 2009* 35±2 9 Normal,"
104,Canada 2009*,31,"Canada 2009* 31±2 8 Normal,"
104,Canada 2009*,36,"Canada 2009* 36±2 9 Normal,"
104,"Brampton, ON, Canada) Canada 2009*",30,"Brampton, ON, Canada) Canada 2009* 30±2 8"
104,"WA, USA) USA 2006",29,"WA, USA) USA 2006 29±4 7 Normal, 12 50 63.6 Glucose, 2h Standard Capillary,"
104,USA 2009*,25,"USA 2009* 25±5 6 Normal, 10 50 64 Bread, 2h Standard Capillary,"
104,USA 2009*,22,"USA 2009* 22±3 6 Normal, 10 50 64 Bread, 2h Standard Capillary,"
104,"WA, USA) USA 2008*",33,"WA, USA) USA 2008* 33±7 8 Normal,"
104,"Straps (Windsor Farm Foods, Australia) Australia 2002",40,"Straps (Windsor Farm Foods, Australia) Australia 2002 40±5 10 Normal, 10 50 67.0 Glucose, 2h Standard Capillary,"
104,1546 Tropical dried fruit snack Australia 2001,41,"1546 Tropical dried fruit snack Australia 2001 41±3 10 Normal, 10 50 59.0 Glucose, 2h Standard Capillary,"
104,"1547 Tropical fruit and nut mix (Finest, UK) UK 2005",49,"1547 Tropical fruit and nut mix (Finest, UK) UK 2005 49±7 12 Normal, 9 50 89.8 Glucose, 2h Standard Capillary,"
105,1548 Wild berry dried fruit snack Australia 2001,35,"1548 Wild berry dried fruit snack Australia 2001 35±4 9 Normal, 10 50 58.3 Glucose, 2h Standard Capillary,"
105,"1549 Chick Pea chips (Freedom Foods, Australia) Australia 2006",44,"1549 Chick Pea chips (Freedom Foods, Australia) Australia 2006 44±7 11 Normal, 9 50 135.5 Glucose, 2h Standard Capillary,"
105,USA 2003,54,"USA 2003 54±6 14 Normal, 10 50 79.0 Glucose, 2h Standard Capillary,"
105,"1551 Combos Snacks Cheddar Cheese Pretzels (M&M/Mars, USA) USA 2003",52,"1551 Combos Snacks Cheddar Cheese Pretzels (M&M/Mars, USA) USA 2003 52±6 13 Normal, 10 50 70.5 Glucose, 2h Standard Capillary,"
105,USA 2006,70,"USA 2006 70±5 18 Normal, 12 50 82.4 Glucose, 2h Standard Capillary,"
105,USA 2008*,74,"USA 2008* 74±11 19 Normal,"
105,USA 2009*,53,"USA 2009* 53±6 13 Normal, 10 50 84 Bread, 2h Standard Capillary,"
105,USA 2009*,53,"USA 2009* 53±6 13 Normal, 10 50 84 Bread, 2h Standard Capillary,"
105,"(Smith's Snackfood Co., Australia) Australia 1999",74,"(Smith's Snackfood Co., Australia) Australia 1999 74±5 19 Normal, 10 50 87.6 Glucose, 2h Standard Capillary,"
105,"1557 Brown rice chips with wild rice, gluten -free, SunRice™ Australia 2018",70,"1557 Brown rice chips with wild rice, gluten -free, SunRice™ Australia 2018 70±6 18 Normal, 10 50 75.9 Glucose, 2h Standard Capillary,"
105,"Food Co., Australia) Australia 1998",42,"Food Co., Australia) Australia 1998 42±4 11 Normal, 10 50 NS Bread, 2h Standard Capillary,"
105,"1559 Grain Waves Original flavored wholegrain chips, Smith’s ™ Australia 2010",51,"1559 Grain Waves Original flavored wholegrain chips, Smith’s ™ Australia 2010 51±5 13 Normal, 10 50 79.0 Glucose, 2h Standard Capillary,"
105,1560 Finger millet extruded snack India 2018*,65,"1560 Finger millet extruded snack India 2018* 65±7 16 Normal, 12 25 39.6 Glucose, 2h Standard Capillary,"
105,"Menu™ (Loblaw Brands Limited, Canada) Canada 2007",45,"Menu™ (Loblaw Brands Limited, Canada) Canada 2007 45±6 11 Normal, 10 50 125.0 Bread, 2h Standard Capillary,"
105,"Menu™ (Loblaw Brands Limited, Canada) Canada 2007",34,"Menu™ (Loblaw Brands Limited, Canada) Canada 2007 34±5 9 Normal, 10 50 125.0 Bread, 2h Standard Capillary,"
106,2007,91,"2007 91±6 23 Normal, 10 50 NS Bread, 2h Standard Capillary,"
106,2007,82,"2007 82±7 21 Normal, 10 50 NS Bread, 2h Standard Capillary,"
106,"tapioca and wheat (Majans Pty Ltd, QLD, Australia) Australia 2017",74,"tapioca and wheat (Majans Pty Ltd, QLD, Australia) Australia 2017 74±5 19 Normal, 10 25 36.4 Glucose, 2h Standard Capillary,"
106,"(Parker's, Smith's Snack Food Co., Australia) Australia 2005",84,"(Parker's, Smith's Snack Food Co., Australia) Australia 2005 84±6 21 Normal, 10 50 62.5 Glucose, 2h Standard Capillary,"
106,2007,84,"2007 84±6 21 Normal, 10 50 NS Bread, 2h Standard Capillary,"
106,Australia) Australia 2013,51,"Australia) Australia 2013 51±6 13 Normal, 10 25 46.5 Glucose, 2h Standard Capillary,"
106,2007,58,"2007 58±8 15 Normal, 10 50 NS Bread, 2h Standard Capillary,"
106,Australia) Australia 2007,62,"Australia) Australia 2007 62±8 16 Normal, 9 25 49.6 Glucose, 2h Standard Capillary,"
106,"fat (Green's Foods, Australia) Australia 2007",67,"fat (Green's Foods, Australia) Australia 2007 67±8 17 Normal, 9 25 44.7 Glucose, 2h Standard Capillary,"
106,2007,72,"2007 72±8 18 Normal, 10 50 NS Bread, 2h Standard Capillary,"
106,"1573 Potato chips, crinkle cut, Smith’s™ Original Australia 2012",48,"1573 Potato chips, crinkle cut, Smith’s™ Original Australia 2012 48±5 12 Normal, 10 50 113.4 Glucose, 2h Standard Capillary,"
106,"1574 Potato chips, Pringles™ Original Australia 2012",57,"1574 Potato chips, Pringles™ Original Australia 2012 57±5 14 Normal, 10 50 96.2 Glucose, 2h Standard Capillary,"
106,1575 Potato crisps China 2005,60,"1575 Potato crisps China 2005 60±2 15 Normal, 10 50 NS Glucose, 2h Standard Venous, NS NS 12"
106,"1576 Baked potato chips (Baked Lays, Original Potato Crisps) Canada 2009",72,"1576 Baked potato chips (Baked Lays, Original Potato Crisps) Canada 2009 72±6 18 Normal, 10 50 66 Bread, 2h Standard Capillary,"
106,"1577 Baked potato chips (Baked Lays, Original Potato Crisps ) Canada 2009",71,"1577 Baked potato chips (Baked Lays, Original Potato Crisps ) Canada 2009 71±8 18 Normal, 10 50 66 Bread, 2h Standard Capillary,"
106,"Chip Company, VIC, Australia) Australia 2016",41,"Chip Company, VIC, Australia) Australia 2016 41±4 10 Normal, 10 25 60.7 Glucose, 2h Standard Capillary,"
107,"Pharmaceutical Co, Ltd, Japan) Japan 2014",44,"Pharmaceutical Co, Ltd, Japan) Japan 2014 44±4 11 Normal, 10 50 125.5 Glucose, 2h Standard Capillary,"
107,"(Otsuka Pharmaceutical Co, Ltd, Japan) Japan 2014",41,"(Otsuka Pharmaceutical Co, Ltd, Japan) Japan 2014 41±4 10 Normal, 10 50 109.4 Glucose, 2h Standard Capillary,"
107,"(Otsuka Pharmaceutical Co, Ltd, Japan) Japan 2014",37,"(Otsuka Pharmaceutical Co, Ltd, Japan) Japan 2014 37±5 9 Normal, 10 50 107.6 Glucose, 2h Standard Capillary,"
107,"Physicians Pharmaceuticals, Inc., USA) USA 2004",87,"Physicians Pharmaceuticals, Inc., USA) USA 2004 87±8 22 Normal, 10 25 48.1 Glucose, 2h Standard Capillary,"
107,Republic 2005,77,"Republic 2005 77±5 19 Normal, 20 50 60.3 Glucose, 2h"
107,1584 Wasabi peas Australia 2018,41,"1584 Wasabi peas Australia 2018 41±4 10 Normal, 10 25 44.0 Glucose, 2h Standard Capillary,"
107,"1585 Almond Chocolate (Meiji Co. Ltd, Japan) Japan 2019",24,"1585 Almond Chocolate (Meiji Co. Ltd, Japan) Japan 2019 24±2 6 Normal, 10 50 115.7 Glucose, 2h Standard Capillary,"
107,"1586 Chocolate crinkles, containing wheat flour and cocon ut flour Philippines 2",44,"1586 Chocolate crinkles, containing wheat flour and cocon ut flour Philippines 2002 44±4 11 Normal, 10 50 NS Bread, 2h Standard Capillary,"
107,"1587 Chocolate, dark, Dove ® (M&M/Mars, USA) USA 2005",23,"1587 Chocolate, dark, Dove ® (M&M/Mars, USA) USA 2005 23±3 6 Normal, 10 50 95.0 Glucose, 2h Standard Capillary,"
107,China 2019,44,"China 2019 44±6 11 Normal, 12 25 83.3 Glucose, 2h Standard Capillary,"
107,"1589 Chocolate Kouka Cacao 86% (Meiji Co. Ltd, Japan) Japan 2018",18,"1589 Chocolate Kouka Cacao 86% (Meiji Co. Ltd, Japan) Japan 2018 18±2 5 Normal, 10 50 103.3 Glucose, 2h Standard Capillary,"
107,"1590 Chocolate Kouka Cacao 72% (Meiji Co. Ltd, Japan) Japan 2018",29,"1590 Chocolate Kouka Cacao 72% (Meiji Co. Ltd, Japan) Japan 2018 29±4 7 Normal, 10 50 71.4 Glucose, 2h Standard Capillary,"
107,Republic 2005,44,"Republic 2005 44±5 11 Normal, 20 50 91.9 Glucose, 2h"
107,"1592 Chocolate, milk, Meiji brand (Meiji Co. Ltd, Japan) Japan 2018",39,"1592 Chocolate, milk, Meiji brand (Meiji Co. Ltd, Japan) Japan 2018 39±3 10 Normal, 10 50 47.9 Glucose, 2h Standard Capillary,"
107,Australia) Australia 1997,45,"Australia) Australia 1997 45±8 11 Normal,"
108,"1594 Chocolate, milk (Milka, Mondelez, Italy) Italy 2012",54,"1594 Chocolate, milk (Milka, Mondelez, Italy) Italy 2012 54±5 14 Normal, 10 25 43 Glucose, 2h Standard Capillary,"
108,"1595 Chocolate, milk (Nestlé, Sydney, NSW, Australia) Australia 2000",42,"1595 Chocolate, milk (Nestlé, Sydney, NSW, Australia) Australia 2000 42±8 11 Normal, 10 50 NS Glucose, 2h Standard Capillary,"
108,"1596 Milk chocolate egg (Ovetto cioccolato, Dolci Preziosi, Italy) Italy 2012",48,"1596 Milk chocolate egg (Ovetto cioccolato, Dolci Preziosi, Italy) Italy 2012 48±9 12 Normal, 10 25 43 Glucose, 2h Standard Capillary,"
108,"1597 Chocolate, NS China 2005",49,"1597 Chocolate, NS China 2005 49±3 12 Normal, 10 50 NS Glucose, 2h Standard Venous, NS NS 12"
108,"1598 Chocolate, white, Lindt™ Lindor Switzerland 2012",34,"1598 Chocolate, white, Lindt™ Lindor Switzerland 2012 34±4 9 Normal, 10 25 58.0 Glucose, 2h Standard Capillary,"
108,"1599 Chocolate, white, Milky Bar ® (Nestlé, Australia) Australia 2012",41,"1599 Chocolate, white, Milky Bar ® (Nestlé, Australia) Australia 2012 41±6 10 Normal, 10 50 90.6 Glucose, 2h Standard Capillary,"
108,"1600 Chocolate, white, Milky Bar ® (Nestlé, Australia) Australia 2000",44,"1600 Chocolate, white, Milky Bar ® (Nestlé, Australia) Australia 2000 44±6 11 Normal, 10 50 85.9 Glucose, 2h Standard Capillary,"
108,"1601 White chocolate bar (Galak, Nestlè, Italy) Italy 2012",44,"1601 White chocolate bar (Galak, Nestlè, Italy) Italy 2012 44±5 11 Normal, 10 25 41 Glucose, 2h Standard Capillary,"
108,"1602 Chocolate candy, sugar free, Dove ® (M&M/Mars, USA) USA 2005",23,"1602 Chocolate candy, sugar free, Dove ® (M&M/Mars, USA) USA 2005 23±3 6 Normal, 10 25 83.3 Glucose, 2h Standard Capillary,"
108,USA 2005,21,"USA 2005 21±3 5 Normal, 10 25 144.4 Glucose, 2h Standard Capillary,"
108,"cream filling, Duplo nocciolato (Ferrero, Italy) Italy 2012",59,"cream filling, Duplo nocciolato (Ferrero, Italy) Italy 2012 59±6 15 Normal, 10 25 54 Glucose, 2h Standard Capillary,"
108,"(Meiji Co. Ltd, Japan) Japan 2019",37,"(Meiji Co. Ltd, Japan) Japan 2019 37±4 9 Normal, 10 50 97.7 Glucose, 2h Standard Capillary,"
108,Australia 2005,53,"Australia 2005 53±6 13 Normal, 10 50 342.5 Glucose, 2h Standard Capillary,"
108,Australia 1998,76,"Australia 1998 76±6 19 Normal, 12 50 NS Bread, 2h Standard Capillary,"
108,Italy 2012,42,"Italy 2012 42±5 11 Normal, 10 25 43 Glucose, 2h Standard Capillary,"
108,"Ferrero, Italy) Italy 2012",43,"Ferrero, Italy) Italy 2012 43±7 11 Normal, 10 25 51 Glucose, 2h Standard Capillary,"
109,1610 Licorice pieces Australia 2012,69,"1610 Licorice pieces Australia 2012 69±8 17 Normal, 10 50 68.0 Glucose, 2h Standard Capillary,"
109,"1611 Licorice, soft (Coles Supermarkets, Australia) Australia 2003",78,"1611 Licorice, soft (Coles Supermarkets, Australia) Australia 2003 78±11 20 Normal, 10 50 70.9 Glucose, 2h Standard Capillary,"
109,"1612 Macadamia Chocolate (Meiji Co. Ltd, Japan) Japan 30",24,"1612 Macadamia Chocolate (Meiji Co. Ltd, Japan) Japan 30 24±2 6 Normal, 10 50 113.6 Glucose, 2h Standard Capillary,"
109,"1613 M&M's®, peanut (Mars Confectionery, Australia) Australia 1997",33,"1613 M&M's®, peanut (Mars Confectionery, Australia) Australia 1997 33±3 8 Normal,"
109,"1614 Mars Bar® (Mars Confectionery, Australia) Australia 1997",62,"1614 Mars Bar® (Mars Confectionery, Australia) Australia 1997 62±8 16 Normal,"
109,"1615 Marshmallows (Candy Lane, Australia) Australia 2003",62,"1615 Marshmallows (Candy Lane, Australia) Australia 2003 62±6 16 Normal, 10 50 62.3 Glucose, 2h Standard Capillary,"
109,"1616 Marshmallows (Woolworths Homebrand, Australia) Australia 2012",67,"1616 Marshmallows (Woolworths Homebrand, Australia) Australia 2012 67±4 17 Normal, 10 50 59.1 Glucose, 2h Standard Capillary,"
109,"Milson's Point, NSW, Australia) Australia 1997",33,"Milson's Point, NSW, Australia) Australia 1997 33±4 8 Normal,"
109,Australia) Australia 2003,30,"Australia) Australia 2003 30±4 8 Normal, 10 50 NS Glucose, 2h Standard Capillary,"
109,Australia) Australia 2007,25,"Australia) Australia 2007 25±4 6 Normal, 10 50 91.4 Glucose, 2h Standard Capillary,"
109,"1620 Nutella® (Ferrero, Italy) Italy 2012",45,"1620 Nutella® (Ferrero, Italy) Italy 2012 45±4 11 Normal, 10 25 44 Glucose, 2h Standard Capillary,"
109,"(Ferrero, Italy) Italy 2012",57,"(Ferrero, Italy) Italy 2012 57±9 14 Normal, 10 25 41 Glucose, 2h Standard Capillary,"
109,Italy) Italy 2012,55,"Italy) Italy 2012 55±7 14 Normal, 10 25 43 Glucose, 2h Standard Capillary,"
109,"1623 Pocket Coffee (Praline, with coffee cream ) (Ferrero, Italy) Italy 2014",58,"1623 Pocket Coffee (Praline, with coffee cream ) (Ferrero, Italy) Italy 2014 58±9 15 Normal, 10 25 43 Glucose, 2h Standard Capillary,"
109,"1624 Pop Tarts™, double choc (Kellogg's, Australia) Australia 2000",70,"1624 Pop Tarts™, double choc (Kellogg's, Australia) Australia 2000 70±2 18 Normal, 10 50 74.4 Glucose, 2h Standard Capillary,"
109,"1625 Raffaello (Ferrero, Italy) Italy 2014",52,"1625 Raffaello (Ferrero, Italy) Italy 2014 52±7 13 Normal, 10 25 66 Glucose, 2h Standard Capillary,"
109,"1626 Rocher (Ferrero, Italy) Italy 2014",53,"1626 Rocher (Ferrero, Italy) Italy 2014 53±6 13 Normal, 10 25 56 Glucose, 2h Standard Capillary,"
110,"1627 Rondnoir (Ferrero, Italy) Italy 2014",53,"1627 Rondnoir (Ferrero, Italy) Italy 2014 53±7 13 Normal, 10 25 48 Glucose, 2h Standard Capillary,"
110,"1628 Rum balls, containing dark chocolate and coconut Australia 2009",50,"1628 Rum balls, containing dark chocolate and coconut Australia 2009 50±6 13 Normal, 10 50 89.3 Glucose, 2h Standard Capillary,"
110,"1629 Skittles® (Mars Confectionery, Australia) Australia 1997",70,"1629 Skittles® (Mars Confectionery, Australia) Australia 1997 70±5 18 Normal,"
110,Italy) Italy 2009,66,"Italy) Italy 2009 66±8 17 Normal, 10 25 149 Glucose, 2h Standard Capillary,"
110,Italy 2009,62,"Italy 2009 62±5 16 Normal, 9 25 91 Glucose, 2h Standard Capillary,"
110,Italy) Italy 2009,58,"Italy) Italy 2009 58±7 15 Normal, 9 25 86 Glucose, 2h Standard Capillary,"
110,"1633 Sorbet, lemon (Sorbetto al limone, Carte d’or, Algida , Italy) Italy 2009",72,"1633 Sorbet, lemon (Sorbetto al limone, Carte d’or, Algida , Italy) Italy 2009 72±6 18 Normal, 9 25 96 Glucose, 2h Standard Capillary,"
110,Italy) Italy 2009,57,"Italy) Italy 2009 57±8 14 Normal, 9 25 107 Glucose, 2h Standard Capillary,"
110,"1635 Sour Straws, strawberry flavor, gummy/chewy confectio nery Australia 2017",76,"1635 Sour Straws, strawberry flavor, gummy/chewy confectio nery Australia 2017 76±7 19 Normal, 10 25 31.3 Glucose, 2h Standard Capillary,"
110,"1636 Yummiees lollies (Allseps Pty. Ltd., Australia) Australia 2006",43,"1636 Yummiees lollies (Allseps Pty. Ltd., Australia) Australia 2006 43±3 11 Normal, 14 50 71.1 Glucose, 2h Standard Capillary,"
110,USA 2017*,93,"USA 2017* 93±8 23 Normal, 14 50 70 Glucose, 2h Standard Capillary,"
110,USA 2017*,50,"USA 2017* 50±5 13 Normal, 14 50 72 Glucose, 2h Standard Capillary,"
110,Canada 2007,78,"Canada 2007 78±6 20 Normal, 10 50 65.0 Bread, 2h Standard Capillary,"
110,"Blue Menu™(Loblaw Brands Limited, Canada) Canada 2007",58,"Blue Menu™(Loblaw Brands Limited, Canada) Canada 2007 58±5 15 Normal, 10 50 65.0 Bread, 2h Standard Capillary,"
110,"(Aussie Bodies Pty. Ltd., Australia) Australia 2007",35,"(Aussie Bodies Pty. Ltd., Australia) Australia 2007 35±3 9 Normal, 15 50 91.7 Glucose, 2h Standard Capillary,"
111,USA 2005,63,"USA 2005 63±7 16 Normal, 10 50 91.7 Glucose, 2h Standard Capillary,"
111,"1643 Cocoavia™ Crispy Chocolate bar (M&M/Mars, USA) USA 2005",33,"1643 Cocoavia™ Crispy Chocolate bar (M&M/Mars, USA) USA 2005 33±5 8 Normal, 10 50 100.0 Glucose, 2h Standard Capillary,"
111,"1644 ExtendBar™ Apple Cinnamon Delight bar (ExtendBar, USA) USA 2004",33,"1644 ExtendBar™ Apple Cinnamon Delight bar (ExtendBar, USA) USA 2004 33±7 8 Normal, 10 25 83.3 Glucose, 2h Standard Capillary,"
111,"1645 ExtendBar™ Chocolate Delight bar (ExtendBar, USA) USA 2004",41,"1645 ExtendBar™ Chocolate Delight bar (ExtendBar, USA) USA 2004 41±6 10 Normal, 10 25 62.5 Glucose, 2h Standard Capillary,"
111,"1646 ExtendBar™ Peanut Delight bar (ExtendBar, USA) USA 2004",32,"1646 ExtendBar™ Peanut Delight bar (ExtendBar, USA) USA 2004 32±5 8 Normal, 10 25 62.5 Glucose, 2h Standard Capillary,"
111,Canada) Canada 2018,40,"Canada) Canada 2018 40±6 10 Normal, 10 25 71.4 Glucose, 2h Standard Capillary,"
111,"1648 Granola bar, containing wheat flour and coconut flour Philippines 2002",46,"1648 Granola bar, containing wheat flour and coconut flour Philippines 2002 46±3 12 Normal, 10 50 NS Bread, 2h Standard Capillary,"
111,New Zealand 2010*,54,"New Zealand 2010* 54±5 14 Normal, 20 50 85 Glucose, 2h Standard Capillary,"
111,"filled, coated white chocolate) (Kinder, Ferrero, Italy) Italy 2012",47,"filled, coated white chocolate) (Kinder, Ferrero, Italy) Italy 2012 47±5 12 Normal, 10 25 48 Glucose, 2h Standard Capillary,"
111,"(Kinder, Ferrero, Italy) Italy 2012",55,"(Kinder, Ferrero, Italy) Italy 2012 55±5 14 Normal, 10 25 62 Glucose, 2h Standard Capillary,"
111,"filled, partially coated with white chocolate) (Kinder, Ferrero) Italy 2014",47,"filled, partially coated with white chocolate) (Kinder, Ferrero) Italy 2014 47±4 12 Normal, 10 25 50 Glucose, 2h Standard Capillary,"
111,Italy 2012,58,"Italy 2012 58±7 15 Normal, 10 25 65 Glucose, 2h Standard Capillary,"
111,"coated with chocolate, fresh) (Kinder, Ferrero, Italy) Italy 2012",51,"coated with chocolate, fresh) (Kinder, Ferrero, Italy) Italy 2012 51±5 13 Normal, 10 25 64 Glucose, 2h Standard Capillary,"
111,Italy 2012,53,"Italy 2012 53±6 13 Normal, 10 25 65 Glucose, 2h Standard Capillary,"
111,"1656 KitKat (Nestlè, Italy) Italy 2012",50,"1656 KitKat (Nestlè, Italy) Italy 2012 50±7 13 Normal, 10 25 40 Glucose, 2h Standard Capillary,"
111,USA 2003,52,"USA 2003 52±4 13 Normal, 10 50 69.0 Glucose, 2h Standard Capillary,"
111,"Hackettstown, USA) USA 1997",62,"Hackettstown, USA) USA 1997 62±8 16 Normal,"
112,"(M&M/Mars, USA) USA 2003",45,"(M&M/Mars, USA) USA 2003 45±6 11 Normal, 10 50 83.3 Glucose, 2h Standard Capillary,"
112,"1660 Milky Way® bar (M&M/Mars, USA) USA 1997",62,"1660 Milky Way® bar (M&M/Mars, USA) USA 1997 62±8 16 Normal,"
112,"1661 Milky Way® Lite bar (M&M/Mars, USA) USA 1997",45,"1661 Milky Way® Lite bar (M&M/Mars, USA) USA 1997 45±5 11 Normal,"
112,"1662 Munch Peanut Butter bar (M&M/Mars, USA) USA 2004",27,"1662 Munch Peanut Butter bar (M&M/Mars, USA) USA 2004 27±5 7 Normal, 10 50 134.4 Glucose, 2h Standard Capillary,"
112,Canada) Canada 2018,33,"Canada) Canada 2018 33±6 8 Normal, 10 25 90.9 Glucose, 2h Standard Capillary,"
112,"1664 Nutbutter bar (SoLo GI Nutrition, Inc, Canada, Canada) Canada 2018",22,"1664 Nutbutter bar (SoLo GI Nutrition, Inc, Canada, Canada) Canada 2018 22±1 6 Normal, 10 25 89.6 Glucose, 2h Standard Capillary,"
112,"gluten-free (Freedom Foods, Australia) Australia 2007",21,"gluten-free (Freedom Foods, Australia) Australia 2007 21±2 5 Normal, 9 50 118.8 Glucose, 2h Standard Capillary,"
112,New Zealand 2010*,60,"New Zealand 2010* 60±5 15 Normal, 20 50 114 Glucose, 2h Standard Capillary,"
112,"Pharmaceuticals, Inc., USA) USA 2004",52,"Pharmaceuticals, Inc., USA) USA 2004 52±4 13 Normal, 10 25 48.4 Glucose, 2h Standard Capillary,"
112,"Menu™ (Loblaw Brands Limited, Canada) Canada 2007",72,"Menu™ (Loblaw Brands Limited, Canada) Canada 2007 72±6 18 Normal, 10 50 69.0 Bread, 2h Standard Capillary,"
112,USA 1999,40,"USA 1999 40±8 10 Normal, 10 50 85.2 Bread, 2h Standard Capillary,"
112,USA) USA 1999,37,"USA) USA 1999 37±6 9 Normal, 10 50 91.6 Bread, 2h Standard Capillary,"
112,"Ltd, Tokyo, Japan) Japan 2007",19,"Ltd, Tokyo, Japan) Japan 2007 19±2 5 Normal, 10 50 130.4 Glucose, 2h Standard Capillary,"
112,"Co Ltd, Tokyo, Japan) Japan 2007",27,"Co Ltd, Tokyo, Japan) Japan 2007 27±4 7 Normal, 10 50 127.1 Glucose, 2h Standard Capillary,"
112,"Pharmaceutical Co Ltd, Tokyo, Japan) Japan 2007",41,"Pharmaceutical Co Ltd, Tokyo, Japan) Japan 2007 41±7 10 Normal, 10 50 127.1 Glucose, 2h Standard Capillary,"
112,"Pharmaceutical Co Ltd, Tokyo, Japan) Japan 2007",28,"Pharmaceutical Co Ltd, Tokyo, Japan) Japan 2007 28±2 7 Normal, 10 50 131.6 Glucose, 2h Standard Capillary,"
112,"Co Ltd, Tokyo, Japan) Japan 2007",25,"Co Ltd, Tokyo, Japan) Japan 2007 25±3 6 Normal, 10 50 122.0 Glucose, 2h Standard Capillary,"
113,"Pharmaceutical Co Ltd, Tokyo, Japan) Japan 2007",27,"Pharmaceutical Co Ltd, Tokyo, Japan) Japan 2007 27±2 7 Normal, 10 50 129.3 Glucose, 2h Standard Capillary,"
113,"Pharmaceutical Co Ltd, Tokyo, Japan) Japan 2007",28,"Pharmaceutical Co Ltd, Tokyo, Japan) Japan 2007 28±4 7 Normal, 10 50 128.2 Glucose, 2h Standard Capillary,"
113,"Co Ltd, Tokyo, Japan) Japan 2007",29,"Co Ltd, Tokyo, Japan) Japan 2007 29±5 7 Normal, 10 50 109.5 Glucose, 2h Standard Capillary,"
113,"Pharmaceutical Co Ltd, Tokyo, Japan) Japan 2007",33,"Pharmaceutical Co Ltd, Tokyo, Japan) Japan 2007 33±2 8 Normal, 9 50 120.0 Glucose, 2h Standard Capillary,"
113,"1680 Trim bar, Chocorama (Aussie Bodies Pty. Ltd., Australi a) Australia 2007",31,"1680 Trim bar, Chocorama (Aussie Bodies Pty. Ltd., Australi a) Australia 2007 31±3 8 Normal, 10 50 181.2 Glucose, 2h Standard Capillary,"
113,"1681 Trim bar, Mocha flavor (Aussie Bodies Pty. Ltd., Australia) Australia 2007",25,"1681 Trim bar, Mocha flavor (Aussie Bodies Pty. Ltd., Australia) Australia 2007 25±3 6 Normal, 10 50 215.5 Glucose, 2h Standard Capillary,"
113,"with hazelnut crumbs) (Ferrero, Italy) Italy 2012",61,"with hazelnut crumbs) (Ferrero, Italy) Italy 2012 61±7 15 Normal, 10 25 48 Glucose, 2h Standard Capillary,"
113,"1683 Twix® Cookie Bar, caramel (M&M/Mars, USA) USA 1997",44,"1683 Twix® Cookie Bar, caramel (M&M/Mars, USA) USA 1997 44±6 11 Normal,"
113,"1684 Chocolate Cherry Almond bar (Beachbody, LLC, USA) USA 2019",22,"1684 Chocolate Cherry Almond bar (Beachbody, LLC, USA) USA 2019 22±2 6 Normal, 10 25 86.5 Glucose, 2h Standard Capillary,"
113,USA 2006,57,"USA 2006 57±6 14 Normal, 10 50 85.0 Glucose, 2h Standard Capillary,"
113,and corn syrup Australia 2014*,45,"and corn syrup Australia 2014* 45±6 11 Normal 10 50 97 Glucose, 2h Standard Capillary,"
113,per 100 g (4.01 g FMC/100 g carbohydrate) Australia 2014*,40,"per 100 g (4.01 g FMC/100 g carbohydrate) Australia 2014* 40±4 10 Normal 10 50 100 Glucose, 2h Standard Capillary,"
113,"1688 Peanut Butter Chocolate bar (Beachbody, LLC) USA 2019",32,"1688 Peanut Butter Chocolate bar (Beachbody, LLC) USA 2019 32±4 8 Normal, 10 25 94.0 Glucose, 2h Standard Capillary,"
113,"1689 Performance Chocolate Energy bar (Power Bar, USA) USA 2006",53,"1689 Performance Chocolate Energy bar (Power Bar, USA) USA 2006 53±6 13 Normal, 9 50 77.4 Glucose, 2h Standard Capillary,"
113,"1690 Power Bar®, chocolate (Powerfood Inc., Berkeley, USA) USA 1997",58,"1690 Power Bar®, chocolate (Powerfood Inc., Berkeley, USA) USA 1997 58±5 15 Normal, 10 50 NS Bread, 2h Standard Capillary,"
113,"Corporation, Hershey, PA, USA) USA 2004",16,"Corporation, Hershey, PA, USA) USA 2004 16±3 4 Normal, 10 50 138.9 Glucose, 2h Standard Capillary,"
113,"(Hershey's Food Corporation, Hershey, PA, USA) USA 2005",15,"(Hershey's Food Corporation, Hershey, PA, USA) USA 2005 15±3 4 Normal, 10 50 125.0 Glucose, 2h Standard Capillary,"
114,"(Hershey's Food Corporation, Hershey, PA, USA) USA 2005",23,"(Hershey's Food Corporation, Hershey, PA, USA) USA 2005 23±5 6 Normal, 10 50 138.9 Glucose, 2h Standard Capillary,"
114,"(Hershey's Food Corporation, Hershey, PA, USA) USA 2005",16,"(Hershey's Food Corporation, Hershey, PA, USA) USA 2005 16±4 4 Normal, 10 50 119.0 Glucose, 2h Standard Capillary,"
114,"bar (Hershey's Food Corporation, Hershey, PA, USA) USA 2005",14,"bar (Hershey's Food Corporation, Hershey, PA, USA) USA 2005 14±3 4 Normal, 10 50 138.9 Glucose, 2h Standard Capillary,"
114,"(Hershey's Food Corporation, Hershey, PA, USA) USA 2005",14,"(Hershey's Food Corporation, Hershey, PA, USA) USA 2005 14±3 4 Normal, 10 50 125.0 Glucose, 2h Standard Capillary,"
114,"Food Corporation, Hershey, PA, USA) USA 2005",18,"Food Corporation, Hershey, PA, USA) USA 2005 18±2 5 Normal, 10 50 138.9 Glucose, 2h Standard Capillary,"
114,"flavor (M&M/Mars, USA) USA 2005",36,"flavor (M&M/Mars, USA) USA 2005 36±5 9 Normal, 10 50 97.4 Glucose, 2h Standard Capillary,"
114,"(M&M/Mars, USA) USA 2005",50,"(M&M/Mars, USA) USA 2005 50±4 13 Normal, 10 50 91.7 Glucose, 2h Standard Capillary,"
114,"(M&M/Mars, USA) USA 2005",50,"(M&M/Mars, USA) USA 2005 50±4 13 Normal, 10 50 92.6 Glucose, 2h Standard Capillary,"
114,"(M&M/Mars, USA) USA 2005",34,"(M&M/Mars, USA) USA 2005 34±5 9 Normal, 10 50 105.8 Glucose, 2h Standard Capillary,"
114,"Chocolate Fudge Brownie flavor (M&M/Mars, USA) USA 2003",20,"Chocolate Fudge Brownie flavor (M&M/Mars, USA) USA 2003 20±4 5 Normal, 10 50 NS Glucose, 2h Standard Capillary,"
114,"Butter flavor (M&M/Mars, USA) USA 2003",21,"Butter flavor (M&M/Mars, USA) USA 2003 21±4 5 Normal, 10 50 NS Glucose, 2h Standard Capillary,"
114,"flavor (M&M/Mars, USA) USA 2003",49,"flavor (M&M/Mars, USA) USA 2003 49±6 12 Normal, 10 50 NS Glucose, 2h Standard Capillary,"
114,"flavor (M&M/Mars, USA) USA 2003",41,"flavor (M&M/Mars, USA) USA 2003 41±3 10 Normal, 10 50 NS Glucose, 2h Standard Capillary,"
114,"Rush flavor (M&M/Mars, USA) USA 2003",26,"Rush flavor (M&M/Mars, USA) USA 2003 26±3 7 Normal, 10 50 NS Glucose, 2h Standard Capillary,"
114,"Burst flavor (M&M/Mars, USA) USA 2003",32,"Burst flavor (M&M/Mars, USA) USA 2003 32±4 8 Normal, 10 50 NS Glucose, 2h Standard Capillary,"
114,2007,29,"2007 29±5 7 Normal, 10 50 113.6 Bread, 2h Standard Capillary,"
114,2007,28,"2007 28±2 7 Normal, 10 50 113.6 Bread, 2h Standard Capillary,"
114,2007,29,"2007 29±5 7 Normal, 10 50 113.6 Bread, 2h Standard Capillary,"
115,2007,23,"2007 23±3 6 Normal, 10 50 113.6 Bread, 2h Standard Capillary,"
115,2007,27,"2007 27±4 7 Normal, 10 50 125 Bread, 2h Standard Capillary,"
115,2007,29,"2007 29±5 7 Normal, 10 50 113.6 Bread, 2h Standard Capillary,"
115,2007,28,"2007 28±2 7 Normal, 10 50 125.0 Bread, 2h Standard Capillary,"
115,2007,29,"2007 29±5 7 Normal, 10 50 113.6 Bread, 2h Standard Capillary,"
115,2007,23,"2007 23±3 6 Normal, 10 50 125.0 Bread, 2h Standard Capillary,"
115,2007,27,"2007 27±4 7 Normal, 10 50 125.0 Bread, 2h Standard Capillary,"
115,"1718 VO2 Max Chocolate Energy bar (M&M/Mars, USA) USA 1997",49,"1718 VO2 Max Chocolate Energy bar (M&M/Mars, USA) USA 1997 49±8 12 Normal,"
115,2007,41,"2007 41±3 8 Normal, 10 50 NS Bread, 2h Standard Capillary,"
115,2007,57,"2007 57±5 11 Normal, 10 50 NS Bread, 2h Standard Capillary,"
115,"Blue Menu™ (Loblaw Brands Limited, Canada) Canada 2007",46,"Blue Menu™ (Loblaw Brands Limited, Canada) Canada 2007 46±5 9 Normal, 10 50 463.0 Bread, 2h Standard Capillary,"
115,"(Loblaw Brands Limited, Canada) Canada 2007",35,"(Loblaw Brands Limited, Canada) Canada 2007 35±4 7 Normal, 10 50 961.5 Bread, 2h Standard Capillary,"
115,"(Campbell's Soups, Homebush, NSW, Australia) Australia 2008",43,"(Campbell's Soups, Homebush, NSW, Australia) Australia 2008 43±3 9 Normal, 9 25 558.0 Glucose, 2h Standard Capillary,"
115,Australia 2016,52,"Australia 2016 52±3 10 Normal, 9 50 724.6 Glucose, 2h Standard Capillary,"
115,2007,62,"2007 62±7 12 Normal, 10 50 100.0 Bread, 2h Standard Capillary,"
115,2007,57,"2007 57±9 11 Normal, 10 50 657.9 Bread, 2h Standard Capillary,"
115,"Soup Company, Camden, NJ, USA) USA 2002",48,"Soup Company, Camden, NJ, USA) USA 2002 48±6 10 Normal, 10 50 450 Glucose, 2h Standard Capillary,"
116,Australia) Australia 2001,39,"Australia) Australia 2001 39±3 8 Normal, 10 25 833.3 Glucose, 2h Standard Capillary,"
116,2007,54,"2007 54±3 11 Normal, 10 50 NS Bread, 2h Standard Capillary,"
116,2007,45,"2007 45±10 9 Normal, 10 50 NS Bread, 2h Standard Capillary,"
116,2007,52,"2007 52±8 10 Normal, 10 50 NS Bread, 2h Standard Capillary,"
116,"NSW, Australia) Australia 2016",41,"NSW, Australia) Australia 2016 41±4 8 Normal, 10 50 625.0 Glucose, 2h Standard Capillary,"
116,"pumpkin, cream, potatoes (Heinz Wattie's Ltd, Australia) Australia 2004",76,"pumpkin, cream, potatoes (Heinz Wattie's Ltd, Australia) Australia 2004 76±7 15 Normal, 10 50 694.4 Glucose, 2h Standard Capillary,"
116,2007,56,"2007 56±4 11 Normal, 10 50 NS Bread, 2h Standard Capillary,"
116,"Soup Company, Camden, NJ, USA) USA 2002",52,"Soup Company, Camden, NJ, USA) USA 2002 52±4 10 Normal, 10 50 326.8 Glucose, 2h Standard Capillary,"
116,"(Loblaw Brands Limited, Canada) Canada 2007",47,"(Loblaw Brands Limited, Canada) Canada 2007 47±5 9 Normal, 10 50 892.9 Bread, 2h Standard Capillary,"
116,2007,57,"2007 57±4 11 Normal, 10 50 NS Bread, 2h Standard Capillary,"
116,2007,36,"2007 36±4 7 Normal, 10 50 NS Bread, 2h Standard Capillary,"
116,"(Loblaw Brands Limited, Canada) Canada 2007",41,"(Loblaw Brands Limited, Canada) Canada 2007 41±4 8 Normal, 10 50 961.5 Bread, 2h Standard Capillary,"
116,"Commerce Corp., City of Industry, CA, USA) USA 2001",11,"Commerce Corp., City of Industry, CA, USA) USA 2001 11±1 1 Normal, 9 25 NS Bread, 2h Standard Capillary,"
116,"Commerce Corp., USA) USA 2001",10,"Commerce Corp., USA) USA 2001 10±1 1 Normal, 9 25 NS Bread, 2h Standard Capillary,"
116,"1742 Premium Agave nectar (Sweet Cactus Farms, USA) USA 2005",19,"1742 Premium Agave nectar (Sweet Cactus Farms, USA) USA 2005 19±4 1 Normal, 9 50 62.7 Glucose, 2h Standard Capillary,"
117,1743 Fructose China 2005,23,"1743 Fructose China 2005 23±1 1 Normal, 10 50 NS Glucose, 2h Standard Venous, NS NS 12"
117,"1744 Fructose from corn (Despar, Italy) Italy 2013",25,"1744 Fructose from corn (Despar, Italy) Italy 2013 25±4 1 Normal, 10 25 25 Glucose, 2h Standard Capillary,"
117,1745 High fructose corn syrup Australia 2014*,56,"1745 High fructose corn syrup Australia 2014* 56±5 3 Normal 10 50 65 Glucose, 2h Standard Capillary,"
117,Australia 2014*,50,"Australia 2014* 50±3 3 Normal 10 50 62 Glucose, 2h Standard Capillary,"
117,1747 Glucose syrup Australia 2014*,107,"1747 Glucose syrup Australia 2014* 107±7 5 Normal 10 50 61 Glucose, 2h Standard Capillary,"
117,1748 Yellow box honey (46% fructose) Australia 2001,35,"1748 Yellow box honey (46% fructose) Australia 2001 35±4 2 Normal, 10 25 67.3 Glucose, 2h Standard Capillary,"
117,1749 Stringy Bark honey (52% fructose) Australia 2001,44,"1749 Stringy Bark honey (52% fructose) Australia 2001 44±4 2 Normal, 9 25 67.3 Glucose, 2h Standard Capillary,"
117,1750 Red Gum honey (35% fructose) Australia 2001,46,"1750 Red Gum honey (35% fructose) Australia 2001 46±3 2 Normal, 9 25 66.0 Glucose, 2h Standard Capillary,"
117,1751 Iron Bark honey (34% fructose) Australia 2001,48,"1751 Iron Bark honey (34% fructose) Australia 2001 48±3 2 Normal, 10 25 83.5 Glucose, 2h Standard Capillary,"
117,"(Capilano Honey Limited, QLD, Australia) Australia 2006",51,"(Capilano Honey Limited, QLD, Australia) Australia 2006 51±3 3 Normal, 11 50 60.2 Glucose, 2h Standard Capillary,"
117,1753 Yapunya honey (42 % fructose) Australia 2001,52,"1753 Yapunya honey (42 % fructose) Australia 2001 52±5 3 Normal, 9 25 73.9 Glucose, 2h Standard Capillary,"
117,1754 HDI Clover Honey with Bee Pollen (PT. Harmoni Dinamik) New Zealand 2020,53,"1754 HDI Clover Honey with Bee Pollen (PT. Harmoni Dinamik) New Zealand 2020 53±5 3 Normal, 10 50 60.2 Glucose, 2h Standard Capillary,"
117,"Ltd, SA, Australia) Australia 2006",60,"Ltd, SA, Australia) Australia 2006 60±4 3 Normal, 11 50 58.6 Glucose, 2h Standard Capillary,"
117,Australia 2001,62,"Australia 2001 62±3 3 Normal, 9 25 71.2 Glucose, 2h Standard Capillary,"
117,1757 Salvation Jane honey (32% fructose) Australia 2001,64,"1757 Salvation Jane honey (32% fructose) Australia 2001 64±5 3 Normal, 10 25 81.2 Glucose, 2h Standard Capillary,"
118,Ltd) New Zealand 2011,65,"Ltd) New Zealand 2011 65±7 3 Normal, 10 25 32.1 Glucose, 2h Standard Capillary,"
118,"Hermiston, OR, USA) 16 USA 2006",69,"Hermiston, OR, USA) 16 USA 2006 69±8 3 Normal, 12 50 58.3 Glucose, 2h Standard Capillary,"
118,Australia 2001,72,"Australia 2001 72±6 4 Normal, 9 25 99.2 Glucose, 2h Standard Capillary,"
118,"Farms, USA)16 USA 2006",73,"Farms, USA)16 USA 2006 73±6 4 Normal, 11 50 58.4 Glucose, 2h Standard Capillary,"
118,"Apiaries, Los Banos, CA, USA) 16 USA 2006",74,"Apiaries, Los Banos, CA, USA) 16 USA 2006 74±7 4 Normal, 11 50 57.0 Glucose, 2h Standard Capillary,"
118,"1763 Honey, NS China 2005",74,"1763 Honey, NS China 2005 74±4 4 Normal, 10 50 NS Glucose, 2h Standard Venous, NS NS 12"
118,"Blossom Honey Co, Edgewater, FL, USA) USA 2006",74,"Blossom Honey Co, Edgewater, FL, USA) USA 2006 74±8 4 Normal, 12 50 59.2 Glucose, 2h Standard Capillary,"
118,Honey (mean),60,"Honey, mean of 17 types of honey 60"
118,1765 Lactose China 2005,46,"1765 Lactose China 2005 46±1 2 Normal, 10 50 NS Glucose, 2h Standard Venous, NS NS 12"
118,1766 Maltose China 2005,75,"1766 Maltose China 2005 75±6 4 Normal, 10 50 NS Glucose, 2h Standard Venous, NS NS 12"
118,1767 Maltose China 2005,105,"1767 Maltose China 2005 105±2 5 Normal, 10 50 NS Glucose, 2h Standard Venous, NS NS 12"
118,1768 Sucrose Australia 2007,59,"1768 Sucrose Australia 2007 59±4 3 Normal, 11 50 50 Glucose, 2h Standard Capillary,"
118,"1769 Sucrose, cane sugar Australia 2016",60,"1769 Sucrose, cane sugar Australia 2016 60±4 3 Normal, 10 50 50 Glucose, 2h Standard Capillary,"
118,1770 Sucrose Australia 2007,61,"1770 Sucrose Australia 2007 61±4 3 Normal, 11 50 50 Glucose, 2h Standard Capillary,"
118,1771 Sucrose Germany 2004,64,"1771 Sucrose Germany 2004 64±4 3 Normal, 11 50 50 Glucose, 2h Standard Capillary,"
118,1772 Sucrose Germany 2002,66,"1772 Sucrose Germany 2002 66±3 3 Normal, 10 50 50 Glucose, 2h Standard Capillary,"
118,"1773 Sugar, cane (Panela) Italy 2005",69,"1773 Sugar, cane (Panela) Italy 2005 69±10 3 Normal, 9 25 25 Glucose, 2h Standard Capillary,"
119,1774 Sucrose China 2005,84,"1774 Sucrose China 2005 84±4 4 Normal, 10 50 NS Glucose, 2h Standard Venous, NS NS 12"
119,"1775 Sucrose (LoGiCane) (Horizon Science, Australia) 13 Australia 2014*",60,"1775 Sucrose (LoGiCane) (Horizon Science, Australia) 13 Australia 2014* 60±3 3"
119,"1776 Sucrose (LoGiCane) (Horizon Science, Australia) 13 Australia 2014*",62,"1776 Sucrose (LoGiCane) (Horizon Science, Australia) 13 Australia 2014* 62±4 3 Normal,"
119,"1777 Sugar, refined (Sadam-Eridania, Italy) Italy 2013",91,"1777 Sugar, refined (Sadam-Eridania, Italy) Italy 2013 91±10 5 Normal, 10 25 25 Glucose, 2h Standard Capillary,"
119,"Biotech Co., Ltd, China) China 2020",52,"Biotech Co., Ltd, China) China 2020 52±4 3 Normal, 10 25 26.4 Glucose, 2h Standard Capillary,"
119,"1779 Coconut sugar, organic, Loving Earth™ brand Indonesia 2014",54,"1779 Coconut sugar, organic, Loving Earth™ brand Indonesia 2014 54±6 3 Normal, 9 50 50.0 Glucose, 2h Standard Capillary,"
119,Malaysia 2018,54,"Malaysia 2018 54±4 3 Normal, 10 50 67.4 Glucose, 2h Standard Capillary,"
119,Germany) Germany 2008,39,"Germany) Germany 2008 39±4 2 Normal, 10 50 70.4 Glucose, 2h Standard Capillary,"
119,1782 Golden Syrup Australia 2003,63,"1782 Golden Syrup Australia 2003 63±6 3 Normal, 9 50 59.9 Glucose, 2h Standard Capillary,"
119,1783 Karo Dark Corn Syrup USA 2013,90,"1783 Karo Dark Corn Syrup USA 2013 90±6 5 Normal, 10 50 66.1 Glucose, 2h Standard Capillary,"
119,"1784 Maple flavored syrup (Cottee's Foods, Australia) Australia 2003",68,"1784 Maple flavored syrup (Cottee's Foods, Australia) Australia 2003 68±5 3 Normal, 9 50 55.7 Glucose, 2h Standard Capillary,"
119,"1785 Maple syrup, pure Canadian (Queen Foods, Australia) Canada 2003",54,"1785 Maple syrup, pure Canadian (Queen Foods, Australia) Canada 2003 54±6 3 Normal, 10 50 68.2 Glucose, 2h Standard Capillary,"
119,"1786 Rice malt syrup (Pure Harvest Organic, Australia) Australia 2013",98,"1786 Rice malt syrup (Pure Harvest Organic, Australia) Australia 2013 98±6 5 Normal, 10 50 62.5 Glucose, 2h Standard Capillary,"
119,"frutta biologica, Rigoni di Asiago, Italy) Italy 2009",23,"frutta biologica, Rigoni di Asiago, Italy) Italy 2009 23±5 1 Normal, 10 50 72 Glucose, 2h Standard Capillary,"
119,China 2020,45,"China 2020 45±3 2 Normal, 12 25 27.3 Glucose, 2h Standard Capillary,"
119,"Biotech Co., Ltd, China) China 2020",52,"Biotech Co., Ltd, China) China 2020 52±3 3 Normal, 10 25 27.8 Glucose, 2h Standard Capillary,"
120,"1790 Green banana, peeled, boiled 10 min Jamaica 2005",37,"1790 Green banana, peeled, boiled 10 min Jamaica 2005 37±5 7 Normal, 10 50 225.2 Glucose, 2h Standard Capillary,"
120,"1791 Green banana, peeled, fried in vegetable oil Jamaica 2005",35,"1791 Green banana, peeled, fried in vegetable oil Jamaica 2005 35±3 7 Normal, 10 50 195.3 Glucose, 2h Standard Capillary,"
120,"1792 Green plantain (Musa paradisiaca), peeled, boiled 10 min Jamaica 2005",39,"1792 Green plantain (Musa paradisiaca), peeled, boiled 10 min Jamaica 2005 39±4 8 Normal, 10 50 259.2 Glucose, 2h Standard Capillary,"
120,vegetable oil Jamaica 2005,40,"vegetable oil Jamaica 2005 40±3 8 Normal, 10 50 175.9 Glucose, 2h Standard Capillary,"
120,"plantain), sliced 0.8-1.2 mm thick, deep-fried Côte d’Ivoire 2017*",45,"plantain), sliced 0.8-1.2 mm thick, deep-fried Côte d’Ivoire 2017* 45±0.3 9 Normal, 28 50 93.8 Glucose, 2h Standard Capillary,"
120,"1795 Ripe plantain (Musa paradisiaca), peeled, boiled 10 min Jamaica 2005",66,"1795 Ripe plantain (Musa paradisiaca), peeled, boiled 10 min Jamaica 2005 66±2 13 Normal, 10 50 308.6 Glucose, 2h Standard Capillary,"
120,oil Jamaica 2005,90,"oil Jamaica 2005 90±6 18 Normal, 10 50 211.6 Glucose, 2h Standard Capillary,"
120,"1797 Peas, plain and frozen (Talleys Group Ltd, New Zealand) 13 New Zealand 2011",29,"1797 Peas, plain and frozen (Talleys Group Ltd, New Zealand) 13 New Zealand 2011* 29±2 3 Normal, 30 25 NS Glucose, 2h Standard Capillary,"
120,"Pty Ltd, Australia) Australia 2020",42,"Pty Ltd, Australia) Australia 2020 42±4 4 Normal, 10 25 238.1 Glucose, 2h Standard Capillary,"
120,"1799 Butternut pumpkin, boiled Australia 2006",51,"1799 Butternut pumpkin, boiled Australia 2006 51±6 5 Normal, 10 25 352.1 Glucose, 2h Standard Capillary,"
120,"1800 Pumpkin (Cucurbita moschata), peeled, cubed, boiled 30 min Jamaica 2005",66,"1800 Pumpkin (Cucurbita moschata), peeled, cubed, boiled 30 min Jamaica 2005 66±4 7 Normal, 10 50 223.8 Glucose, 2h Standard Capillary,"
120,"1801 Sweet corn, cooked in microwave for 1.5 min Australia 2015",51,"1801 Sweet corn, cooked in microwave for 1.5 min Australia 2015 51±4 10 Normal, 10 25 185.2 Glucose, 2h Standard Capillary,"
120,1802 Sweet corn China 2005,55,"1802 Sweet corn China 2005 55±2 11 Normal, 10 50 NS Glucose, 2h Standard Venous, NS NS 12"
121,"30 min, refrigerated, reheated for 1 min Canada 2003",61,"30 min, refrigerated, reheated for 1 min Canada 2003 61±10 12 Normal, 10 50 221 Bread, 2h Standard Capillary,"
121,"1804 Carrots, unpeeled, boiled Australia 2020",32,"1804 Carrots, unpeeled, boiled Australia 2020 32±4 3 Normal, 10 25 409.8 Glucose, 2h Standard Capillary,"
121,"1805 Carrots, diced, frozen (Talleys Group Ltd) 13 New Zealand 2011*",31,"1805 Carrots, diced, frozen (Talleys Group Ltd) 13 New Zealand 2011* 31±2 3 Normal, 30 25 NS Glucose, 2h Standard Capillary,"
121,"1806 Parsnips, peeled, boiled Australia 2007",52,"1806 Parsnips, peeled, boiled Australia 2007 52±5 5 Normal, 10 25 250 Glucose, 2h Standard Capillary,"
121,"refrigerated, reheated for 1 min Canada 2003",60,"refrigerated, reheated for 1 min Canada 2003 60±5 12 Normal, 10 50 135 Bread, 2h Standard Capillary,"
121,"1808 Irish potato (Solanum tuberosum), peeled, baked 45 min Jamaica 2005",83,"1808 Irish potato (Solanum tuberosum), peeled, baked 45 min Jamaica 2005 83±6 17 Normal, 10 50 249.6 Glucose, 2h Standard Capillary,"
121,"1809 Pontiac potato, peeled and baked Australia 1998",93,"1809 Pontiac potato, peeled and baked Australia 1998 93±11 19 Normal, 10 50 414 Bread, 2h Standard Capillary,"
121,"thickness of 0.5 cm, boiled for 8 -9 min Australia 2012",94,"thickness of 0.5 cm, boiled for 8 -9 min Australia 2012 94±8 19 Normal, 10 25 189 Glucose, 2h Standard Capillary,"
121,"thickness of 0.5 cm, boiled for 8 -9 min Australia 2011",53,"thickness of 0.5 cm, boiled for 8 -9 min Australia 2011 53±7 11 Normal, 10 25 238 Glucose, 2h Standard Capillary,"
121,boiled for 8 min Australia 2016,57,"boiled for 8 min Australia 2016 57±5 11 Normal, 10 25 277.8 Glucose, 2h Standard Capillary,"
121,"1813 Charlotte potato, peeled, quartered, boiled 15 min UK 2005",66,"1813 Charlotte potato, peeled, quartered, boiled 15 min UK 2005 66±5 13 Normal, 10 50 NS Glucose, 2h Standard Capillary,"
121,for 8 min Australia 2009,68,"for 8 min Australia 2009 68±6 14 Normal, 11 50 359.7 Glucose, 2h Standard Capillary,"
121,"1815 Desiree potato, peeled, boiled 35 min Australia 1998",101,"1815 Desiree potato, peeled, boiled 35 min Australia 1998 101±15 20 Normal, 10 50 446 Bread, 2h Standard Capillary,"
121,"thickness of 0.5 cm, boiled for 8 -9 min Australia 2011",74,"thickness of 0.5 cm, boiled for 8 -9 min Australia 2011 74±8 15 Normal, 10 25 197 Glucose, 2h Standard Capillary,"
121,"thickness of 0.5 cm, boiled for 8 -9 min Australia 2016",79,"thickness of 0.5 cm, boiled for 8 -9 min Australia 2016 79±6 16 Normal, 10 25 196.9 Glucose, 2h Standard Capillary,"
122,"1818 Estima potato, peeled, quartered, boiled 15 min UK 2005",66,"1818 Estima potato, peeled, quartered, boiled 15 min UK 2005 66±5 13 Normal, 10 50 NS Glucose, 2h Standard Capillary,"
122,unsalted water UK 2005,75,"unsalted water UK 2005 75±10 15 Normal, 10 50 NS Glucose, 2h Standard Capillary,"
122,"thickness of 0.5 cm, boiled for 8 -9 min Australia 2012",103,"thickness of 0.5 cm, boiled for 8 -9 min Australia 2012 103±8 21 Normal, 10 25 189 Glucose, 2h Standard Capillary,"
122,water UK 2005,56,"water UK 2005 56±3 11 Normal, 10 50 NS Glucose, 2h Standard Capillary,"
122,unsalted water UK 2005,85,"unsalted water UK 2005 85±4 17 Normal, 10 50 NS Glucose, 2h Standard Capillary,"
122,"1823 Nicola potato, peeled, quartered, boiled 15 min UK 2005",59,"1823 Nicola potato, peeled, quartered, boiled 15 min UK 2005 59±7 12 Normal, 10 50 NS Glucose, 2h Standard Capillary,"
122,"1824 Nicola potato, unpeeled, boiled whole for 15 min Australia 2006",58,"1824 Nicola potato, unpeeled, boiled whole for 15 min Australia 2006 58±3 12 Normal, 10 50 471.7 Glucose, 2h Standard Capillary,"
122,"thickness of 0.5 cm, boiled for 8 -9 min Australia 2012",69,"thickness of 0.5 cm, boiled for 8 -9 min Australia 2012 69±5 14 Normal, 10 25 195 Glucose, 2h Standard Capillary,"
122,"1826 Pontiac potato, peeled, boiled 35 min Australia 1998",88,"1826 Pontiac potato, peeled, boiled 35 min Australia 1998 88±9 18 Normal, 10 50 414 Bread, 2h Standard Capillary,"
122,"at a thickness of 0.5 cm, boiled for 8-9 min Australia 2012",82,"at a thickness of 0.5 cm, boiled for 8-9 min Australia 2012 82±3 16 Normal, 10 25 154 Glucose, 2h Standard Capillary,"
122,"1828 Sebago potato, peeled, boiled for 35 min Australia 1998",87,"1828 Sebago potato, peeled, boiled for 35 min Australia 1998 87±7 17 Normal, 10 50 454 Bread, 2h Standard Capillary,"
122,"a thickness of 0.5 cm, boiled for 8-9 min Australia 2012",93,"a thickness of 0.5 cm, boiled for 8-9 min Australia 2012 93±10 19 Normal, 10 25 255 Glucose, 2h Standard Capillary,"
122,Canada 2009,60,"Canada 2009 60±5 12 Normal, 9 50 345 Bread, 2h Standard Capillary,"
122,Canada 2009,75,"Canada 2009 75±5 15 Normal, 10 50 345 Bread, 2h Standard Capillary,"
122,2010,82,"2010 82±7 16 Normal, 9 50 345 Bread, 2h Standard Capillary,"
122,2010,38,"2010 38±6 8 Normal, 10 50 360 Bread, 2h Standard Capillary,"
123,Canada 2009,79,"Canada 2009 79±9 16 Normal, 10 50 321 Bread, 2h Standard Capillary,"
123,"Brunswick), boiled 15 min, reheated in microwave 2 -3 min Canada 2009",79,"Brunswick), boiled 15 min, reheated in microwave 2 -3 min Canada 2009 79±4 16 Normal, 10 50 321 Bread, 2h Standard Capillary,"
123,2010,73,"2010 73±6 15 Normal, 10 50 321 Bread, 2h Standard Capillary,"
123,Canada 2009,72,"Canada 2009 72±8 14 Normal, 10 50 394 Bread, 2h Standard Capillary,"
123,"Brunswick), boiled 15 min, reheated in microwave 2 -3 min Canada 2009",58,"Brunswick), boiled 15 min, reheated in microwave 2 -3 min Canada 2009 58±5 12 Normal, 10 50 394 Bread, 2h Standard Capillary,"
123,Boiled potato (mean),73,"Boiled potato, mean of 29 studies 73"
123,min Jamaica 2005,59,"min Jamaica 2005 59±4 12 Normal, 10 50 231.0 Glucose, 2h Standard Capillary,"
123,"refrigerated, reheated for 1 min Canada 2003",71,"refrigerated, reheated for 1 min Canada 2003 71±8 14 Normal, 10 50 151 Bread, 2h Standard Capillary,"
123,"1841 New potato, unpeeled and boiled 20 min Australia 1998",78,"1841 New potato, unpeeled and boiled 20 min Australia 1998 78±12 Normal, 10 50 358 Bread, 2h Standard Capillary,"
123,"1842 Potato, NS, boiled China 2005",66,"1842 Potato, NS, boiled China 2005 66±1 13 Normal, 10 50 NS Glucose, 2h Standard Venous, NS NS 12"
123,"1843 Red potatoes, boiled with skin on in salted water for 12 min Canada 2005",89,"1843 Red potatoes, boiled with skin on in salted water for 12 min Canada 2005 89±7 18 Normal, 12 50 352 Bread, 2h Standard Capillary,"
123,"Cubes, McCains, Wendouree, VIC, Australia) Australia 2010",70,"Cubes, McCains, Wendouree, VIC, Australia) Australia 2010 70±4 14 Normal, 10 50 285.7 Glucose, 2h Standard Capillary,"
123,Canada 2009,55,"Canada 2009 55±7 11 Normal, 10 50 345 Bread, 2h Standard Capillary,"
123,2010,48,"2010 48±6 10 Normal, 10 50 345 Bread, 2h Standard Capillary,"
123,Canada 2009,55,"Canada 2009 55±7 11 Normal, 9 50 360 Bread, 2h Standard Capillary,"
124,2010,41,"2010 41±5 8 Normal, 10 50 360 Bread, 2h Standard Capillary,"
124,Canada 2009,40,"Canada 2009 40±5 8 Normal, 10 50 321 Bread, 2h Standard Capillary,"
124,2010,49,"2010 49±7 10 Normal, 10 50 321 Bread, 2h Standard Capillary,"
124,Canada 2009,44,"Canada 2009 44±7 9 Normal, 10 50 394 Bread, 2h Standard Capillary,"
124,"overnight in refrigerator, consumed cold Canada 2005",56,"overnight in refrigerator, consumed cold Canada 2005 56±5 11 Normal, 12 50 352 Bread, 2h Standard Capillary,"
124,"Taters™, Edgell's™ brand, Cheltenham, Australia) Australia 1998",65,"Taters™, Edgell's™ brand, Cheltenham, Australia) Australia 1998 65±9 13 Normal, 10 50 416 Bread, 2h Standard Capillary,"
124,"Co, Pittsburgh, PA, USA) USA 2005",64,"Co, Pittsburgh, PA, USA) USA 2005 64±6 13 Normal, 12 50 233 Bread, 2h Standard Capillary,"
124,"Superfries, McCains, Wendouree, VIC, Australia) Australia 2010",65,"Superfries, McCains, Wendouree, VIC, Australia) Australia 2010 65±4 13 Normal, 10 50 208.3 Glucose, 2h Standard Capillary,"
124,"1856 Instant mashed potato (Idahoan Foods, Lewisville, ID, USA) USA 2005",88,"1856 Instant mashed potato (Idahoan Foods, Lewisville, ID, USA) USA 2005 88±8 18 Normal, 12 50 67.3 Bread, 2h Standard Capillary,"
124,prepared with water USA 2001,92,"prepared with water USA 2001 92±4 18 Normal, 47 50 NS Glucose, 2h Standard Capillary, NS YSI or"
124,prepared with water USA 2001,69,"prepared with water USA 2001 69±9 14 Normal, 21 50 NS Glucose, 2h Standard Venous, NS YSI or"
124,"1859 Instant mashed potato (Idahoan Foods, Lewisville, ID, U SA) USA 1998",97,"1859 Instant mashed potato (Idahoan Foods, Lewisville, ID, U SA) USA 1998 97±6 19 Normal, 10 50 67.3 Glucose, 2h Standard Capillary,"
124,"1860 Potato mash (Homestyle, continental, Unilever, Austr alasia)13 New Zealand ",72,"1860 Potato mash (Homestyle, continental, Unilever, Austr alasia)13 New Zealand 2011* 72±6 14 Normal, 30 50 Glucose, 2h Standard Capillary,"
125,"1861 Mashed potato, NS China 2005",73,"1861 Mashed potato, NS China 2005 73±3 15 Normal, 10 50 NS Glucose, 2h Standard Venous, NS NS 12"
125,"1862 Mashed potato, Aviko B.V. UK 2009",76,"1862 Mashed potato, Aviko B.V. UK 2009 76±7 15 Normal, 15 25 NS Glucose, 2h Standard Capillary,"
125,"1863 Mashed potato, NS UK 2009",76,"1863 Mashed potato, NS UK 2009 76±7 15 Normal, 15 25 NS Glucose, 2h Standard Capillary,"
125,Norway 2019*,81,"Norway 2019* 81±4 16 Normal, 13 50 325.2 Glucose, 2h Standard Capillary,"
125,"1865 Pontiac potato, peeled, cubed, boiled 15 min, mashed Australia 1998",91,"1865 Pontiac potato, peeled, cubed, boiled 15 min, mashed Australia 1998 91±9 18 Normal, 10 50 414 Bread, 2h Standard Capillary,"
125,"1866 Estima potato, cooked in microwave 6 min then baked 10 min UK 2005",93,"1866 Estima potato, cooked in microwave 6 min then baked 10 min UK 2005 93±8 19 Normal, 10 50 290.7 Glucose, 2h Standard Capillary,"
125,min Australia 1998,79,"min Australia 1998 79±9 16 Normal, 10 50 414 Bread, 2h Standard Capillary,"
125,18 min Canada 2005,73,"18 min Canada 2005 73±5 15 Normal, 12 50 298 Bread, 2h Standard Capillary,"
125,USA 2005,77,"USA 2005 77±9 15 Normal, 12 50 376 Bread, 2h Standard Capillary,"
125,"1870 California white potatoes, cubed, roasted in soybean oil USA 2005",72,"1870 California white potatoes, cubed, roasted in soybean oil USA 2005 72±8 14 Normal, 12 50 376 Bread, 2h Standard Capillary,"
125,oil Jamaica 2005,70,"oil Jamaica 2005 70±6 14 Normal, 10 50 249.6 Glucose, 2h Standard Capillary,"
125,"230oC for 17 min, Birds Eye™ Australia 2012",56,"230oC for 17 min, Birds Eye™ Australia 2012 56±6 11 Normal, 10 50 280.9 Glucose, 2h Standard Capillary,"
125,"1873 Potato, NS, steamed China 2005",62,"1873 Potato, NS, steamed China 2005 62±2 12 Normal, 10 50 NS Glucose, 2h Standard Venous, NS NS 12"
125,on at 175oC for 45 min Jamaica 2008,83,"on at 175oC for 45 min Jamaica 2008 83±6 17 Normal, 10 50 173 Glucose, 2h Standard Capillary,"
125,with skin on at 175oC for 45 min Jamaica 2008,83,"with skin on at 175oC for 45 min Jamaica 2008 83±3 17 Normal, 10 50 162 Glucose, 2h Standard Capillary,"
126,skin on at 175oC for 45 min Jamaica 2008,93,"skin on at 175oC for 45 min Jamaica 2008 93±5 19 Normal, 10 50 182 Glucose, 2h Standard Capillary,"
126,with skin on at 175oC for 45 min Jamaica 2008,87,"with skin on at 175oC for 45 min Jamaica 2008 87±4 17 Normal, 10 50 186 Glucose, 2h Standard Capillary,"
126,skin on at 175oC for 45 min Jamaica 2008,82,"skin on at 175oC for 45 min Jamaica 2008 82±3 16 Normal, 10 50 162 Glucose, 2h Standard Capillary,"
126,skin on at 175oC for 45 min Jamaica 2008,87,"skin on at 175oC for 45 min Jamaica 2008 87±4 17 Normal, 10 50 172 Glucose, 2h Standard Capillary,"
126,skin on at 175oC for 45 min Jamaica 2008,91,"skin on at 175oC for 45 min Jamaica 2008 91±3 18 Normal, 10 50 157 Glucose, 2h Standard Capillary,"
126,baked with skin on at 175oC for 45 min Jamaica 2008,94,"baked with skin on at 175oC for 45 min Jamaica 2008 94±3 19 Normal, 10 50 183 Glucose, 2h Standard Capillary,"
126,skin on at 175oC for 45 min Jamaica 2008,85,"skin on at 175oC for 45 min Jamaica 2008 85±2 17 Normal, 10 50 173 Glucose, 2h Standard Capillary,"
126,with skin on at 175oC for 45 min Jamaica 2008,86,"with skin on at 175oC for 45 min Jamaica 2008 86±2 17 Normal, 10 50 171 Glucose, 2h Standard Capillary,"
126,"1884 Sweet potato (Ipomoea batatas), NS, peeled, baked 45 min Jamaica 2005",94,"1884 Sweet potato (Ipomoea batatas), NS, peeled, baked 45 min Jamaica 2005 94±8 19 Normal, 10 50 167.8 Glucose, 2h Standard Capillary,"
126,Roasted sweet potato (mean),88,"Roasted sweet potato, mean of 11 studies 88"
126,"25 mm slices, boiled in water for 20 min Jamaica 2008",47,"25 mm slices, boiled in water for 20 min Jamaica 2008 47±3 9 Normal, 10 50 235 Glucose, 2h Standard Capillary,"
126,"cut into 25 mm slices, boiled in water for 20 min Jamaica 2008",46,"cut into 25 mm slices, boiled in water for 20 min Jamaica 2008 46±5 9 Normal, 10 50 218 Glucose, 2h Standard Capillary,"
126,"into 25 mm slices, boiled in water for 20 min Jamaica 2008",49,"into 25 mm slices, boiled in water for 20 min Jamaica 2008 49±5 10 Normal, 10 50 272 Glucose, 2h Standard Capillary,"
126,"peeled, cut into 25 mm slices, boiled in water for 20 min Jamaica 2008",46,"peeled, cut into 25 mm slices, boiled in water for 20 min Jamaica 2008 46±4 9 Normal, 10 50 244 Glucose, 2h Standard Capillary,"
126,"into 25 mm slices, boiled in water for 20 min Jamaica 2008",41,"into 25 mm slices, boiled in water for 20 min Jamaica 2008 41±5 8 Normal, 10 50 232 Glucose, 2h Standard Capillary,"
126,"into 25 mm slices, boiled in water for 20 min Jamaica 2008",45,"into 25 mm slices, boiled in water for 20 min Jamaica 2008 45±3 9 Normal, 10 50 252 Glucose, 2h Standard Capillary,"
126,"into 25 mm slices, boiled in water for 20 min Jamaica 2008",49,"into 25 mm slices, boiled in water for 20 min Jamaica 2008 49±4 10 Normal, 10 50 233 Glucose, 2h Standard Capillary,"
126,"peeled, cut into 25 mm slices, boiled in water for 20 min Jamaica 2008",49,"peeled, cut into 25 mm slices, boiled in water for 20 min Jamaica 2008 49±4 10 Normal, 10 50 252 Glucose, 2h Standard Capillary,"
127,"into 25 mm slices, boiled in water for 20 min Jamaica 2008",43,"into 25 mm slices, boiled in water for 20 min Jamaica 2008 43±4 9 Normal, 10 50 263 Glucose, 2h Standard Capillary,"
127,"peeled, cut into 25 mm slices, boiled in water for 20 min Jamaica 2008",50,"peeled, cut into 25 mm slices, boiled in water for 20 min Jamaica 2008 50±3 10 Normal, 10 50 346 Glucose, 2h Standard Capillary,"
127,30 min Jamaica 2005,46,"30 min Jamaica 2005 46±5 9 Normal, 10 50 234.6 Glucose, 2h Standard Capillary,"
127,boiled for 8 min Australia 2006,61,"boiled for 8 min Australia 2006 61±6 12 Normal, 10 50 427.4 Glucose, 2h Standard Capillary,"
127,boiled for 8 min Australia 2006,75,"boiled for 8 min Australia 2006 75±5 15 Normal, 9 50 255.1 Glucose, 2h Standard Capillary,"
127,Boiled sweet potato (mean),46,"Boiled sweet potato, mean of 13 studies 46"
127,NS13 New Zealand 2011*,84,"NS13 New Zealand 2011* 84±6 17 Normal, 30 50 NS Glucose, 2h Standard Capillary,"
127,"1899 Sweet potato, kumara, cooking method NS New Zealand 2000",77,"1899 Sweet potato, kumara, cooking method NS New Zealand 2000 77±12 15 Normal, 9 50 NS Glucose, 2h Standard Venous, plasma Enzymatic 27"
127,"10 mm wedges, fried in pre-heated vegetable oil Jamaica 2008",76,"10 mm wedges, fried in pre-heated vegetable oil Jamaica 2008 76±4 15 Normal, 10 50 173 Glucose, 2h Standard Capillary,"
127,"cut into 10 mm wedges, fried in pre-heated vegetable oil Jamaica 2008",73,"cut into 10 mm wedges, fried in pre-heated vegetable oil Jamaica 2008 73±3 15 Normal, 10 50 162 Glucose, 2h Standard Capillary,"
127,"into 10 mm wedges, fried in pre -heated vegetable oil Jamaica 2008",77,"into 10 mm wedges, fried in pre -heated vegetable oil Jamaica 2008 77±4 15 Normal, 10 50 182 Glucose, 2h Standard Capillary,"
127,Jamaica 2008,75,"Jamaica 2008 75±3 15 Normal, 10 50 186 Glucose, 2h Standard Capillary,"
127,"into 10 mm wedges, fried in pre -heated vegetable oil Jamaica 2008",69,"into 10 mm wedges, fried in pre -heated vegetable oil Jamaica 2008 69±3 14 Normal, 10 50 162 Glucose, 2h Standard Capillary,"
127,"into 10 mm wedges, fried in pre -heated vegetable oil Jamaica 2008",63,"into 10 mm wedges, fried in pre -heated vegetable oil Jamaica 2008 63±2 13 Normal, 10 50 172 Glucose, 2h Standard Capillary,"
127,"into 10 mm wedges, fried in pre -heated vegetable oil Jamaica 2008",68,"into 10 mm wedges, fried in pre -heated vegetable oil Jamaica 2008 68±3 14 Normal, 10 50 157 Glucose, 2h Standard Capillary,"
127,Jamaica 2008,70,"Jamaica 2008 70±6 14 Normal, 10 50 183 Glucose, 2h Standard Capillary,"
128,"into 10 mm wedges, fried in pre -heated vegetable oil Jamaica 2008",67,"into 10 mm wedges, fried in pre -heated vegetable oil Jamaica 2008 67±4 13 Normal, 10 50 173 Glucose, 2h Standard Capillary,"
128,Jamaica 2008,72,"Jamaica 2008 72±4 14 Normal, 10 50 171 Glucose, 2h Standard Capillary,"
128,vegetable oil Jamaica 2005,76,"vegetable oil Jamaica 2005 76±7 15 Normal, 10 50 167.8 Glucose, 2h Standard Capillary,"
128,Fried sweet potato (mean),71,"Fried sweet potato, mean of 11 studies 71"
128,on pre-heated charcoal for 45 min Jamaica 2008,86,"on pre-heated charcoal for 45 min Jamaica 2008 86±4 17 Normal, 10 50 173 Glucose, 2h Standard Capillary,"
128,roasted on pre-heated charcoal for 45 min Jamaica 2008,81,"roasted on pre-heated charcoal for 45 min Jamaica 2008 81±4 16 Normal, 10 50 162 Glucose, 2h Standard Capillary,"
128,roasted on pre-heated charcoal for 45 min Jamaica 2008,93,"roasted on pre-heated charcoal for 45 min Jamaica 2008 93±2 19 Normal, 10 50 182 Glucose, 2h Standard Capillary,"
128,"on, roasted on pre-heated charcoal for 45 min Jamaica 2008",90,"on, roasted on pre-heated charcoal for 45 min Jamaica 2008 90±3 18 Normal, 10 50 186 Glucose, 2h Standard Capillary,"
128,roasted on pre-heated charcoal for 45 min Jamaica 2008,79,"roasted on pre-heated charcoal for 45 min Jamaica 2008 79±4 16 Normal, 10 50 162 Glucose, 2h Standard Capillary,"
128,roasted on pre-heated charcoal for 45 min Jamaica 2008,85,"roasted on pre-heated charcoal for 45 min Jamaica 2008 85±4 17 Normal, 10 50 172 Glucose, 2h Standard Capillary,"
128,roasted on pre-heated charcoal for 45 min Jamaica 2008,89,"roasted on pre-heated charcoal for 45 min Jamaica 2008 89±3 18 Normal, 10 50 157 Glucose, 2h Standard Capillary,"
128,"skin on, roasted on pre-heated charcoal for 45 min Jamaica 2008",91,"skin on, roasted on pre-heated charcoal for 45 min Jamaica 2008 91±2 18 Normal, 10 50 183 Glucose, 2h Standard Capillary,"
128,roasted on pre-heated charcoal for 45 min Jamaica 2008,87,"roasted on pre-heated charcoal for 45 min Jamaica 2008 87±2 17 Normal, 10 50 173 Glucose, 2h Standard Capillary,"
128,"on, roasted on pre-heated charcoal for 45 min Jamaica 2008",85,"on, roasted on pre-heated charcoal for 45 min Jamaica 2008 85±2 17 Normal, 10 50 171 Glucose, 2h Standard Capillary,"
128,preheated charcoal Jamaica 2005,82,"preheated charcoal Jamaica 2005 82±5 16 Normal, 10 50 167.8 Glucose, 2h Standard Capillary,"
128,Roasted sweet potato (mean),86,"Roasted sweet potato, mean of 11 studies 86"
128,"at 210oC for 18 min (Simplot Australia Pty Ltd, Australia) Australia 2012",51,"at 210oC for 18 min (Simplot Australia Pty Ltd, Australia) Australia 2012 51±4 10 Normal, 10 50 233.6 Glucose, 2h Standard Capillary,"
129,"1923 Dasheen (Taro), peeled, cubed, boiled 30 min Jamaica 2005",72,"1923 Dasheen (Taro), peeled, cubed, boiled 30 min Jamaica 2005 72±5 14 Normal, 10 50 279.3 Glucose, 2h Standard Capillary,"
129,min Canada 2003,77,"min Canada 2003 77±10 15 Normal, 10 50 131 Bread, 2h Standard Capillary,"
129,"1925 Coco yam (Xanthosoma spp.), peeled, cubed, boiled 30 min Jamaica 2005",61,"1925 Coco yam (Xanthosoma spp.), peeled, cubed, boiled 30 min Jamaica 2005 61±5 12 Normal, 10 50 482.6 Glucose, 2h Standard Capillary,"
129,min Jamaica 2005,74,"min Jamaica 2005 74±7 15 Normal, 10 50 274.4 Glucose, 2h Standard Capillary,"
129,preheated charcoal Jamaica 2005,77,"preheated charcoal Jamaica 2005 77±5 15 Normal, 10 50 198.2 Glucose, 2h Standard Capillary,"
129,min Jamaica 2005,73,"min Jamaica 2005 73±4 15 Normal, 10 50 235.1 Glucose, 2h Standard Capillary,"
129,preheated charcoal Jamaica 2005,73,"preheated charcoal Jamaica 2005 73±6 15 Normal, 10 50 194.3 Glucose, 2h Standard Capillary,"
129,"cubed, boiled 30 min Jamaica 2005",68,"cubed, boiled 30 min Jamaica 2005 68±3 14 Normal, 10 50 223.0 Glucose, 2h Standard Capillary,"
129,roasted on preheated charcoal Jamaica 2005,80,"roasted on preheated charcoal Jamaica 2005 80±7 16 Normal, 10 50 186.4 Glucose, 2h Standard Capillary,"
129,"1932 Sweet yam (Dioscorea alata), peeled, cubed, boiled 30 min Jamaica 2005",79,"1932 Sweet yam (Dioscorea alata), peeled, cubed, boiled 30 min Jamaica 2005 79±4 16 Normal, 10 50 298.0 Glucose, 2h Standard Capillary,"
129,charcoal Jamaica 2005,82,"charcoal Jamaica 2005 82±7 16 Normal, 10 50 192.5 Glucose, 2h Standard Capillary,"
129,"1934 White yam (Dioscorea alata), peeled, cubed, boiled 30 min Jamaica 2005",75,"1934 White yam (Dioscorea alata), peeled, cubed, boiled 30 min Jamaica 2005 75±6 15 Normal, 10 50 239.0 Glucose, 2h Standard Capillary,"
129,charcoal Jamaica 2005,80,"charcoal Jamaica 2005 80±6 16 Normal, 10 50 214.1 Glucose, 2h Standard Capillary,"
129,"refrigerated, reheated for 1 min Canada 2003",62,"refrigerated, reheated for 1 min Canada 2003 62±6 12 Normal, 10 50 300 Bread, 2h Standard Capillary,"
129,"peeled, cut into 5 cm cubes, steamed by rice cooker 22 Taiwan 2010*",37,"peeled, cut into 5 cm cubes, steamed by rice cooker 22 Taiwan 2010* 37±0.2 7 Normal, 10 50 70 Bread, 2h Standard Capillary,"
129,"25 mm chunks, boiled for 20 min, simmered for 10 min Jamaica 2008*",68,"25 mm chunks, boiled for 20 min, simmered for 10 min Jamaica 2008* 68±3 14 Normal, 10 50 NS Glucose, 2h Standard Capillary,"
130,"boiled for 20 min, simmered for 10 min Jamaica 2008*",75,"boiled for 20 min, simmered for 10 min Jamaica 2008* 75±6 15 Normal, 10 50 NS Glucose, 2h Standard Capillary,"
130,"chunks, boiled for 20 min, simmered for 10 min Jamaica 2008*",97,"chunks, boiled for 20 min, simmered for 10 min Jamaica 2008* 97±10 19 Normal, 10 50 NS Glucose, 2h Standard Capillary,"
130,"chunks, boiled for 20 min, simmered for 10 min Jamaica 2008*",74,"chunks, boiled for 20 min, simmered for 10 min Jamaica 2008* 74±7 15 Normal, 10 50 NS Glucose, 2h Standard Capillary,"
130,Yam (mean),68,"Yam, mean of 21 studies 68"
130,"1942 Yam, cooked, NS China 2005",54,"1942 Yam, cooked, NS China 2005 54±2 11 Normal, 10 50 NS Glucose, 2h Standard Venous, NS NS 12"
130,"1943 Yam, peeled, boiled New Zealand 2000",35,"1943 Yam, peeled, boiled New Zealand 2000 35±5 7 Normal, 14 50 NS Glucose, 2h Standard Venous, plasma Enzymatic 27"
130,"1944 Yam, steamed China 2005",51,"1944 Yam, steamed China 2005 51±4 10 Normal, 10 50 NS Glucose, 2h Standard Venous, NS NS 12"
130,"Foods, New Zealand) 13 New Zealand 2011*",35,"Foods, New Zealand) 13 New Zealand 2011* 35±3 4 Normal, 30 25 NS Glucose, 2h Standard Capillary,"
130,"1946 Tomato and vegetable pasta sauce, commercially -prepared France 2007",23,"1946 Tomato and vegetable pasta sauce, commercially -prepared France 2007 23±3 2 Normal, 10 50 595.2 Glucose, 2h Standard Capillary,"
130,"ripeness aag6), salted and fried in vegetable oil Côte d’Ivoire 2017*",39,"ripeness aag6), salted and fried in vegetable oil Côte d’Ivoire 2017* 39±0.3 14 Normal, 28 50 99.0 Glucose, 2h Standard Capillary,"
130,"spots stage of ripeness aag7), salted and fried in vegetable oil Côte d’Ivoire 2",39,"spots stage of ripeness aag7), salted and fried in vegetable oil Côte d’Ivoire 2017* 39±1 14 Normal, 28 50 97.0 Glucose, 2h Standard Capillary,"
130,"Afoto), roasted on heated charcoal Côte d’Ivoire 2017*",88,"Afoto), roasted on heated charcoal Côte d’Ivoire 2017* 88±2 31 Normal, 28 50 122.9 Glucose, 2h Standard Capillary,"
130,Côte d’Ivoire 2017*,44,"Côte d’Ivoire 2017* 44±0.3 15 Normal, 28 50 101.8 Glucose, 2h Standard Capillary,"
130,"1951 Meat and okra soup, with fermented cassava dough Nigeria 2015*",75,"1951 Meat and okra soup, with fermented cassava dough Nigeria 2015* 75±0.5 26 Normal,"
130,"1952 Meat, beans and corn pottage with spinach Nigeria 2015*",33,"1952 Meat, beans and corn pottage with spinach Nigeria 2015* 33±0.1 12 Normal,"
130,1953 Pap and Bambara nut pudding Nigeria 2015*,40,"1953 Pap and Bambara nut pudding Nigeria 2015* 40±0.3 14 Normal,"
131,India 2019*,71,"India 2019* 71±5 25 Normal, 15 50 63.3 Glucose, 2h Standard Capillary,"
131,"flour, cooked for 15 min India 2019*",75,"flour, cooked for 15 min India 2019* 75±7 26 Normal, 15 50 69.4 Glucose, 2h Standard Capillary,"
131,1956 Arabic bread (baked bread) UAE 2017*,67,"1956 Arabic bread (baked bread) UAE 2017* 67±5 23 Normal, 25 50 78.8 Glucose, 2h Standard Capillary,"
131,1957 Arseyah (Basmati rice with chicken) UAE 2017*,72,"1957 Arseyah (Basmati rice with chicken) UAE 2017* 72±4 25 Normal, 15 50 507.6 Glucose, 2h Standard Capillary,"
131,1958 Balalet (Sweet vermicelli) UAE 2017*,63,"1958 Balalet (Sweet vermicelli) UAE 2017* 63±5 22 Normal, 15 50 179.1 Glucose, 2h Standard Capillary,"
131,1959 Batheetha (Khalas date paste) UAE 2017*,59,"1959 Batheetha (Khalas date paste) UAE 2017* 59±4 21 Normal, 20 50 130.9 Glucose, 2h Standard Capillary,"
131,"1960 Biryani, chicken (Basmati rice with chicken) UAE 2017*",52,"1960 Biryani, chicken (Basmati rice with chicken) UAE 2017* 52±4 18 Normal, 15 50 253.9 Glucose, 2h Standard Capillary,"
131,"served with Omani coffee (130 mL, 225 mg caffeine) Oman 2020*",64,"served with Omani coffee (130 mL, 225 mg caffeine) Oman 2020* 64±5 22 Normal, 12 50 NS Glucose, 2h Standard Capillary,"
131,served with water Oman 2020*,67,"served with water Oman 2020* 67±5 23 Normal, 12 50 NS Glucose, 2h Standard Capillary,"
131,1963 Chami (cottage cheese) UAE 2017*,60,"1963 Chami (cottage cheese) UAE 2017* 60±9 21 Normal, 16 25 472.2 Glucose, 2h Standard Capillary,"
131,1964 Chebab bread (Emirati pancake) UAE 2017*,54,"1964 Chebab bread (Emirati pancake) UAE 2017* 54±8 19 Normal, 15 50 109.1 Glucose, 2h Standard Capillary,"
131,Oman 2020*,65,"Oman 2020* 65±4 23 Normal, 12 50 NS Glucose, 2h Standard Capillary,"
131,full-fat plain yoghurt (125 g) UAE 2002,37,"full-fat plain yoghurt (125 g) UAE 2002 37±5 13 Normal, 9 50 216.1 Glucose, 2h NS Capillary,"
131,with Arabic coffee UAE 2010,53,"with Arabic coffee UAE 2010 53±6 19 Normal, 13 50 NS Glucose, 2h Standard Capillary,"
131,Oman 2020*,77,"Oman 2020* 77±3 27 Normal, 12 50 NS Glucose, 2h Standard Capillary,"
131,"1969 Fendal (boiled sweet potato, dates added to cooking water) UAE 2017*",74,"1969 Fendal (boiled sweet potato, dates added to cooking water) UAE 2017* 74±7 26 Normal, 20 50 157.9 Glucose, 2h Standard Capillary,"
131,"served with Omani coffee (130 mL, 225 mg caffeine) Oman 2020*",65,"served with Omani coffee (130 mL, 225 mg caffeine) Oman 2020* 65±5 23 Normal, 12 50 NS Glucose, 2h Standard Capillary,"
132,served with water Oman 2020*,72,"served with water Oman 2020* 72±4 25 Normal, 12 50 NS Glucose, 2h Standard Capillary,"
132,"1972 Habba Hamra (red seed drink, containing evaporated milk ) UAE 2017*",47,"1972 Habba Hamra (red seed drink, containing evaporated milk ) UAE 2017* 47±3 16 Normal, 15 50 314.1 Glucose, 2h Standard Capillary,"
132,"1973 Harees, beef (whole wheat served with meat) UAE 2017*",42,"1973 Harees, beef (whole wheat served with meat) UAE 2017* 42±2 15 Normal, 15 50 323.0 Glucose, 2h Standard Capillary,"
132,1974 Khabisa (semolina pudding with cardamom) UAE 2017*,67,"1974 Khabisa (semolina pudding with cardamom) UAE 2017* 67±4 23 Normal, 15 50 89.0 Glucose, 2h Standard Capillary,"
132,1975 Khameer bread (baked bread) UAE 2017*,47,"1975 Khameer bread (baked bread) UAE 2017* 47±3 16 Normal, 15 50 91.1 Glucose, 2h Standard Capillary,"
132,1976 Khanfaroosh (Doughnut cake) UAE 2017*,45,"1976 Khanfaroosh (Doughnut cake) UAE 2017* 45±3 16 Normal, 15 50 126.3 Glucose, 2h Standard Capillary,"
132,1977 Legemat (Doughnut cake) UAE 2017*,44,"1977 Legemat (Doughnut cake) UAE 2017* 44±4 15 Normal, 15 50 113.1 Glucose, 2h Standard Capillary,"
132,"1978 Machbous, fish (Basmati rice with fish) UAE 2017*",60,"1978 Machbous, fish (Basmati rice with fish) UAE 2017* 60±3 21 Normal, 20 50 277.8 Glucose, 2h Standard Capillary,"
132,1979 Muhalla bread (Emirati sweet crepe) UAE 2017*,77,"1979 Muhalla bread (Emirati sweet crepe) UAE 2017* 77±2 27 Normal, 15 50 73.9 Glucose, 2h Standard Capillary,"
132,1980 Regag bread (Thin crispy crepe) UAE 2017*,76,"1980 Regag bread (Thin crispy crepe) UAE 2017* 76±7 27 Normal, 25 50 112.9 Glucose, 2h Standard Capillary,"
132,"1981 Sambosa vegetable, fried in oil, served with water Oman 2020*",60,"1981 Sambosa vegetable, fried in oil, served with water Oman 2020* 60±5 21 Normal, 12 50 NS Glucose, 2h Standard Capillary,"
132,"(130 mL, 225 mg caffeine) Oman 2020*",57,"(130 mL, 225 mg caffeine) Oman 2020* 57±4 20 Normal, 12 50 NS Glucose, 2h Standard Capillary,"
132,"1983 Thareed, beef (Regag bread served with meat stew) UAE 2017*",74,"1983 Thareed, beef (Regag bread served with meat stew) UAE 2017* 74±3 26 Normal, 15 50 460.0 Glucose, 2h Standard Capillary,"
132,"1984 Baked Barbecued Pork Puff, instant (Hoixe Cake Shop, H .K.) China 2010*",55,"1984 Baked Barbecued Pork Puff, instant (Hoixe Cake Shop, H .K.) China 2010* 55±8 19 Normal, 15 50 161 Glucose, 2h Standard Capillary,"
132,"1985 Barbecue pork bun, instant (Maxim's MX, H.K.) China 2010*",69,"1985 Barbecue pork bun, instant (Maxim's MX, H.K.) China 2010* 69±9 24 Normal, 15 50 119 Glucose, 2h Standard Capillary,"
132,Singapore 2015*,62,"Singapore 2015* 62±6 22 Normal, 11 50 657.9 Glucose, 2h Standard Capillary,"
132,Singapore 2015*,35,"Singapore 2015* 35±3 12 Normal, 11 50 61.9 Glucose, 2h Standard Capillary,"
133,"1988 Bread, Garden milk bar bun China 2010*",73,"1988 Bread, Garden milk bar bun China 2010* 73±8 26 Normal, 10 50 105 Glucose, 2h Standard Capillary,"
133,"1989 Bun, white, filled with red bean paste Singapore 2018*",58,"1989 Bun, white, filled with red bean paste Singapore 2018* 58±4 20 Normal, 19 50 106 Glucose, 2h Standard Capillary,"
133,"1990 Bun, steamed, made from wheat flour China 2016",85,"1990 Bun, steamed, made from wheat flour China 2016 85±7 30 Normal, 10 25 47.6 Glucose, 2h Standard Capillary,"
133,"1991 Bun, white, steamed Chinese Malaysia 2018*",58,"1991 Bun, white, steamed Chinese Malaysia 2018* 58±3 20 Normal, 19 50 88 Glucose, 2h Standard Capillary,"
133,"1992 Butter rice, warm white rice and 10 g butter16 Japan 2003",79,"1992 Butter rice, warm white rice and 10 g butter16 Japan 2003 79±12 28 Normal, 10 50 157 Rice17, 2h Standard Capillary,"
133,1993 Cake crisp China 2005,59,"1993 Cake crisp China 2005 59±2 21 Normal, 10 50 NS Glucose, 2h Standard Venous, NS NS 12"
133,China 2020,53,"China 2020 53±5 19 Normal, 12 25 62.5 Glucose, 2h Standard Capillary,"
133,China 2020,42,"China 2020 42±4 15 Normal, 12 25 71.4 Glucose, 2h Standard Capillary,"
133,"& Confectionary, Singapore) Singapore 2015*",66,"& Confectionary, Singapore) Singapore 2015* 66±7 23 Normal, 10 50 154.8 Glucose, 2h Standard Capillary,"
133,Singapore 2015*,81,"Singapore 2015* 81±7 28 Normal, 10 50 277.8 Glucose, 2h Standard Capillary,"
133,Singapore 2015*,77,"Singapore 2015* 77±8 27 Normal, 10 50 316.5 Glucose, 2h Standard Capillary,"
133,China 2010*,47,"China 2010* 47±3 16 Normal, 15 50 333 Glucose, 2h Standard Capillary,"
133,plan rice four (Wei Cian Foods Private Limited) Singapore 2015*,86,"plan rice four (Wei Cian Foods Private Limited) Singapore 2015* 86±11 30 Normal, 10 50 392.2 Glucose, 2h Standard Capillary,"
133,chicken and potatoes (Old Chang Kee (S) Private Limited) Singapore 2015*,41,"chicken and potatoes (Old Chang Kee (S) Private Limited) Singapore 2015* 41±4 14 Normal, 11 50 129.6 Glucose, 2h Standard Capillary,"
133,2002 Curry rice16 Japan 2003,67,"2002 Curry rice16 Japan 2003 67±8 23 Normal, 10 50 224 Rice17, 2h Standard Capillary,"
133,2003 Curry rice with processed cheese16 Japan 2003,55,"2003 Curry rice with processed cheese16 Japan 2003 55±9 19 Normal, 10 50 255 Rice17, 2h Standard Capillary,"
133,"2004 Dumpling, containing meat and shallots China 2005",28,"2004 Dumpling, containing meat and shallots China 2005 28±3 10 Normal, 10 50 NS Glucose, 2h Standard Venous, NS NS 12"
133,"fillings (Tibet Jingu Agricultural High Tech. Tibet, Ch ina) China 2020",43,"fillings (Tibet Jingu Agricultural High Tech. Tibet, Ch ina) China 2020 43±4 15 Normal, 12 50 224.1 Glucose, 2h Standard Capillary,"
134,"MX, Hong Kong) China 2010*",45,"MX, Hong Kong) China 2010* 45±3 16 Normal, 15 50 143 Glucose, 2h Standard Capillary,"
134,"2007 Fried Fritter, instant (Ocean Empire International Ltd. , H.K.) China 2010*",69,"2007 Fried Fritter, instant (Ocean Empire International Ltd. , H.K.) China 2010* 69±9 24 Normal, 15 50 139 Glucose, 2h Standard Capillary,"
134,"2008 Fried Rice in Yangzhou-style, instant China 2010*",80,"2008 Fried Rice in Yangzhou-style, instant China 2010* 80±6 28 Normal, 15 50 217 Glucose, 2h Standard Capillary,"
134,2009 Fried rice vermicelli in Singapore -style China 2010*,54,"2009 Fried rice vermicelli in Singapore -style China 2010* 54±6 19 Normal, 15 50 333 Glucose, 2h Standard Capillary,"
134,2010 Fried rice vermicelli in Singapore -style China 2010*,58,"2010 Fried rice vermicelli in Singapore -style China 2010* 58±9 20 Normal, 15 25 167 Glucose, 2h Standard Capillary,"
134,with roasted ground soybean 16 Japan 2003,65,"with roasted ground soybean 16 Japan 2003 65±4 23 Normal, 9 50 122 Rice17, 2h Standard Capillary,"
134,"Meng Rice Co., Bangkok, Thailand) Thailand 2000",94,"Meng Rice Co., Bangkok, Thailand) Thailand 2000 94±6 33 Normal, 11 50 65.5 Glucose, 2h Standard Capillary,"
134,2013 Glutinous rice ball with cut glutinous cake (mochi) 16 Japan 2003,48,"2013 Glutinous rice ball with cut glutinous cake (mochi) 16 Japan 2003 48±5 17 Normal, 9 50 132 Rice17, 2h Standard Capillary,"
134,H.K.; Boiled China 2010*,61,"H.K.; Boiled China 2010* 61±10 21 Normal, 15 50 115 Glucose, 2h Standard Capillary,"
134,"Co., LTD., China) China 2010*",54,"Co., LTD., China) China 2010* 54±6 19 Normal, 15 50 333 Glucose, 2h Standard Capillary,"
134,"2016 Hokkien noodles (Fantastic Fresh, Australia) Australia 2015",58,"2016 Hokkien noodles (Fantastic Fresh, Australia) Australia 2015 58±3 20 Normal, 10 50 135.8 Glucose, 2h Standard Capillary,"
134,China 2010*,67,"China 2010* 67±5 23 Normal, 10 50 75 Glucose, 2h Standard Capillary,"
134,boiled water added China 2010*,94,"boiled water added China 2010* 94±12 33 Normal, 10 50 64,6 Glucose, 2h Standard Capillary,"
134,boiled water added China 2010*,108,"boiled water added China 2010* 108±8 38 Normal, 10 50 64,4 Glucose, 2h Standard Capillary,"
134,2020 Kaya Butter Toast (Just Acia Private Limited) Singapore 2015*,49,"2020 Kaya Butter Toast (Just Acia Private Limited) Singapore 2015* 49±4 17 Normal, 11 50 108.7 Glucose, 2h Standard Capillary,"
134,2021 Lo Mai Gai (Hock Seng Food Private Limited) Singapore 2015*,106,"2021 Lo Mai Gai (Hock Seng Food Private Limited) Singapore 2015* 106±12 37 Normal, 12 50 176.6 Glucose, 2h Standard Capillary,"
134,2022 Low-protein white rice with dried sea algae 16 Japan 2003,70,"2022 Low-protein white rice with dried sea algae 16 Japan 2003 70±7 25 Normal, 10 50 125 Rice17, 2h Standard Capillary,"
134,"2023 ""Mai-Lai"" Cake, Instant, prepared freshly in the morning China 2010*",61,"2023 ""Mai-Lai"" Cake, Instant, prepared freshly in the morning China 2010* 61±8 21 Normal, 15 50 114 Glucose, 2h Standard Capillary,"
135,"yolk) (Maxim’s Caterers Limited, Hong Kong) Hong Kong 2014",30,"yolk) (Maxim’s Caterers Limited, Hong Kong) Hong Kong 2014 30±4 11 Normal, 10 50 96.7 Glucose, 2h Standard Capillary,"
135,Hong Kong 2014,29,"Hong Kong 2014 29±5 10 Normal, 10 50 102.0 Glucose, 2h Standard Capillary,"
135,"nut) (Maxim’s Caterers Limited, Hong Kong) Hong Kong 2014",40,"nut) (Maxim’s Caterers Limited, Hong Kong) Hong Kong 2014 40±4 14 Normal, 10 50 91.4 Glucose, 2h Standard Capillary,"
135,Hong Kong 2014,33,"Hong Kong 2014 33±3 12 Normal, 10 50 82.1 Glucose, 2h Standard Capillary,"
135,"Wah Bakery Shop, Hong Kong) China 2010*",56,"Wah Bakery Shop, Hong Kong) China 2010* 56±7 20 Normal, 15 50 80 Glucose, 2h Standard Capillary,"
135,"noodles), dried, boiled China 2000",39,"noodles), dried, boiled China 2000 39±9 14 Normal, 12 50 60.4 Glucose, 2h Standard Capillary,"
135,"(Longkow Company, Taipei, Taiwan) 22 Taiwan 2010*",20,"(Longkow Company, Taipei, Taiwan) 22 Taiwan 2010* 20±0.4 7 Normal, 10 50 64 Bread, 2h Standard Capillary,"
135,2031 Nasi Lemak (Old Chang Kee (S) Private Limited) Singapore 2015*,66,"2031 Nasi Lemak (Old Chang Kee (S) Private Limited) Singapore 2015* 66±5 23 Normal, 12 50 179.2 Glucose, 2h Standard Capillary,"
135,"(wheat flour), boiled 3 min China 2010*",65,"(wheat flour), boiled 3 min China 2010* 65±4 23 Normal, 10 50 75,4 Glucose, 2h Standard Capillary,"
135,boiled 3 min China 2010*,88,"boiled 3 min China 2010* 88±8 31 Normal, 10 50 105,2 Glucose, 2h Standard Capillary,"
135,"2034 Noodles, potato, served with meat, NS China 2005",17,"2034 Noodles, potato, served with meat, NS China 2005 17±3 6 Normal, 9 50 NS Glucose, 2h Standard Venous, NS NS 12"
135,"coconut milk, eggs, and oil) (Dilys Creation, Singapore) Singapore 2015*",46,"coconut milk, eggs, and oil) (Dilys Creation, Singapore) Singapore 2015* 46±6 16 Normal, 11 50 148.1 Glucose, 2h Standard Capillary,"
135,2036 Pill potato and yam powder China 2005,35,"2036 Pill potato and yam powder China 2005 35±4 12 Normal, 9 50 NS Glucose, 2h Standard Venous, NS NS 12"
135,"2037 ""Pineapple"" bun, instant (Hoixe Cake Shop, H.K.) China 2010*",65,"2037 ""Pineapple"" bun, instant (Hoixe Cake Shop, H.K.) China 2010* 65±8 23 Normal, 15 50 91 Glucose, 2h Standard Capillary,"
135,Singapore 2015*,97,"Singapore 2015* 97±12 34 Normal, 11 50 184.7 Glucose, 2h Standard Capillary,"
135,"2039 Plain steamed vermicelli roll, instant China 2010*",90,"2039 Plain steamed vermicelli roll, instant China 2010* 90±8 32 Normal, 15 50 238 Glucose, 2h Standard Capillary,"
135,2040 Potato noodles with meat China 2005,17,"2040 Potato noodles with meat China 2005 17±3 6 Normal, 9 50 NS Glucose, 2h Standard Venous, NS NS 12"
135,"LTD., China) China 2010*",75,"LTD., China) China 2010* 75±8 26 Normal, 15 50 263 Glucose, 2h Standard Capillary,"
136,"2042 Rice gruel with dried algae (Satou Co Ltd., Japan) 16 Japan 2003",81,"2042 Rice gruel with dried algae (Satou Co Ltd., Japan) 16 Japan 2003 81±10 28 Normal, 10 50 659 Rice17, 2h Standard Capillary,"
136,"2043 Roasted rice ball (Satou Co Ltd., Japan) 16 Japan 2003",77,"2043 Roasted rice ball (Satou Co Ltd., Japan) 16 Japan 2003 77±6 27 Normal, 9 50 140 Rice17, 2h Standard Capillary,"
136,"International Ltd., H.K.) China 2010*",69,"International Ltd., H.K.) China 2010* 69±8 24 Normal, 15 50 200 Glucose, 2h Standard Capillary,"
136,China 2010*,81,"China 2010* 81±7 28 Normal, 15 25 100 Glucose, 2h Standard Capillary,"
136,"2046 Soba noodles, instant, reheated in hot water, served with soup Japan 2003",46,"2046 Soba noodles, instant, reheated in hot water, served with soup Japan 2003 46±9 16 Normal, 9 50 185 Rice17, 2h Standard Capillary,"
136,"2047 Spring roll, instant China 2010*",50,"2047 Spring roll, instant China 2010* 50±5 18 Normal, 15 25 114 Glucose, 2h Standard Capillary,"
136,"2048 Stuffed bun, with shallots and meat, steamed China 2005",39,"2048 Stuffed bun, with shallots and meat, steamed China 2005 39±4 14 Normal, 10 50 NS Glucose, 2h Standard Venous, NS NS 12"
136,"2049 Sushi, brown rice, vegetable and tofu Australia 2010",45,"2049 Sushi, brown rice, vegetable and tofu Australia 2010 45±3 16 Normal, 10 50 239.9 Glucose, 2h Standard Capillary,"
136,"2050 Sushi, salmon ('I Love Sushi', Sydney, Australia) Australia 2001",48,"2050 Sushi, salmon ('I Love Sushi', Sydney, Australia) Australia 2001 48±8 17 Normal, 10 25 69.0 Glucose, 2h Standard Capillary,"
136,"2051 Steamed glutinous rice roll, instant China 2010*",89,"2051 Steamed glutinous rice roll, instant China 2010* 89±8 31 Normal, 15 50 109 Glucose, 2h Standard Capillary,"
136,"2052 Sticky rice wrapped in lotus leaf, instant (Maxim's MX, H.K.) China 2010*",83,"2052 Sticky rice wrapped in lotus leaf, instant (Maxim's MX, H.K.) China 2010* 83±5 29 Normal, 15 50 167 Glucose, 2h Standard Capillary,"
136,"2053 Sweet milky bun, instant China 2010*",67,"2053 Sweet milky bun, instant China 2010* 67±5 23 Normal, 15 50 114 Glucose, 2h Standard Capillary,"
136,China 2010*,72,"China 2010* 72±8 25 Normal, 15 50 114 Glucose, 2h Standard Capillary,"
136,"cm cubes, steamed by rice cooker 22 Taiwan 2010*",49,"cm cubes, steamed by rice cooker 22 Taiwan 2010* 49±0.2 17 Normal, 10 50 62 Bread, 2h Standard Capillary,"
136,"2056 Tuna Fish Bun, instant (Maxim's MX, H.K.) China 2010*",46,"2056 Tuna Fish Bun, instant (Maxim's MX, H.K.) China 2010* 46±4 16 Normal, 15 50 139 Glucose, 2h Standard Capillary,"
136,"Shokuhin, Japan) 16 Japan 2003",48,"Shokuhin, Japan) 16 Japan 2003 48±5 17 Normal, 9 50 191 Rice17, 2h Standard Capillary,"
136,"(Snow Brand, Japan), eaten together 16 Japan 203",48,"(Snow Brand, Japan), eaten together 16 Japan 203 48±8 17 Normal, 9 50 219 Rice17, 2h Standard Capillary,"
136,"(Snow Brand, Japan), milk eaten before rice 16 Japan 203",56,"(Snow Brand, Japan), milk eaten before rice 16 Japan 203 56±7 20 Normal, 9 50 219 Rice17, 2h Standard Capillary,"
137,"(Snow Brand, Japan), milk eaten after rice 16 Japan 2003",55,"(Snow Brand, Japan), milk eaten after rice 16 Japan 2003 55±4 19 Normal, 9 50 219 Rice17, 2h Standard Capillary,"
137,(natto) 16 Japan 2003,56,"(natto) 16 Japan 2003 56±8 20 Normal, 10 50 174 Rice17, 2h Standard Capillary,"
137,paste soup) 16 Japan 2003,61,"paste soup) 16 Japan 2003 61±4 21 Normal, 10 50 160 Rice17, 2h Standard Capillary,"
137,"Kemrakuren, Japan) 16 Japan 2003",69,"Kemrakuren, Japan) 16 Japan 2003 69±10 24 Normal, 9 50 289 Rice17, 2h Standard Capillary,"
137,"(Meiji Dairy, Japan), yoghurt eaten before rice 16 Japan 2003",59,"(Meiji Dairy, Japan), yoghurt eaten before rice 16 Japan 2003 59±7 21 Normal, 10 50 232 Rice17, 2h Standard Capillary,"
137,"(Meiji Dairy, Japan), yoghurt eaten after rice 16 Japan 2003",58,"(Meiji Dairy, Japan), yoghurt eaten after rice 16 Japan 2003 58±6 20 Normal, 10 50 232 Rice17, 2h Standard Capillary,"
137,"pickled cucumber, pickled foods eaten before rice 16 Japan 2003",60,"pickled cucumber, pickled foods eaten before rice 16 Japan 2003 60±8 21 Normal, 9 50 173 Rice17, 2h Standard Capillary,"
137,"pickled cucumber, consumed together 16 Japan 2003",61,"pickled cucumber, consumed together 16 Japan 2003 61±6 21 Normal, 11 50 173 Rice17, 2h Standard Capillary,"
137,soybean (Mitake Food Ind. Japan) 16 Japan 2003,56,"soybean (Mitake Food Ind. Japan) 16 Japan 2003 56±4 20 Normal, 9 50 147 Rice17, 2h Standard Capillary,"
137,(umeboshi) 16 Japan 2003,80,"(umeboshi) 16 Japan 2003 80±13 28 Normal, 10 50 152 Rice17, 2h Standard Capillary,"
137,"2070 WoTao, made from corn and wheat China 2005",65,"2070 WoTao, made from corn and wheat China 2005 65±5 23 Normal, 10 50 NS Glucose, 2h Standard Venous, NS NS 12"
137,"2071 Yoghurt, Yitangping (Beijing Sanyuan Foods, Beijing, China) China 2020",21,"2071 Yoghurt, Yitangping (Beijing Sanyuan Foods, Beijing, China) China 2020 21±4 7 Normal, 11 25 454.5 Glucose, 2h Standard Capillary,"
137,Singapore) Singapore 2015*,55,"Singapore) Singapore 2015* 55±4 19 Normal, 11 50 109.6 Glucose, 2h Standard Capillary,"
137,"2073 Basmati rice pilau, with onion and curry powder UK 2015*",60,"2073 Basmati rice pilau, with onion and curry powder UK 2015* 60±6 21 Normal, 11 50 NS Glucose, 2h Standard Capillary,"
137,2074 Bun Malaysia 2016*,82,"2074 Bun Malaysia 2016* 82±5 29 Normal, 10 50 72 Glucose, 2h Standard Capillary,"
137,2075 Bun with 10% fenugreek Malaysia 2016*,51,"2075 Bun with 10% fenugreek Malaysia 2016* 51±7 18 Normal, 10 50 91.1 Glucose, 2h Standard Capillary,"
137,"(Kawan Food Manufacturing, Malaysia) Malaysia 2019",50,"(Kawan Food Manufacturing, Malaysia) Malaysia 2019 50±3 18 Normal, 10 50 132.3 Glucose, 2h Standard Capillary,"
138,"Chapatti flour, Rank Hovis Ltd., Manchester, UK) UK 2015*",68,"Chapatti flour, Rank Hovis Ltd., Manchester, UK) UK 2015* 68±8 24 Normal, 10 50 NS Glucose, 2h Standard Capillary,"
138,2078 Chapatti UK 2011*,58,"2078 Chapatti UK 2011* 58±6 20 Normal, 10 50 NS Glucose, 2h Standard Capillary,"
138,2079 Chapatti with 4% ß-glucan UK 2011*,55,"2079 Chapatti with 4% ß-glucan UK 2011* 55±5 19 Normal, 10 50 NS Glucose, 2h Standard Capillary,"
138,2080 Chapatti with 8% ß-glucan UK 2011*,52,"2080 Chapatti with 8% ß-glucan UK 2011* 52±10 18 Normal, 10 50 NS Glucose, 2h Standard Capillary,"
138,"2081 Chapati, flatbread Malaysia 2016*",63,"2081 Chapati, flatbread Malaysia 2016* 63±4 22 Normal, 10 50 71.4 Glucose, 2h Standard Capillary,"
138,"2082 Chapati, flatbread with 10% fenugreek Malaysia 2016*",43,"2082 Chapati, flatbread with 10% fenugreek Malaysia 2016* 43±5 15 Normal, 10 50 74 Glucose, 2h Standard Capillary,"
138,microwave for 25 sec Australia 2013,71,"microwave for 25 sec Australia 2013 71±5 25 Normal, 10 50 117.9 Glucose, 2h Standard Capillary,"
138,"(Kawan Food Manufacturing, Malaysia) Malaysia 2019",53,"(Kawan Food Manufacturing, Malaysia) Malaysia 2019 53±5 19 Normal, 10 50 125.3 Glucose, 2h Standard Capillary,"
138,India 2019*,59,"India 2019* 59±5 21 Normal, 15 50 73.5 Glucose, 2h Standard Capillary,"
138,2086 Rice dosa India 2018*,76,"2086 Rice dosa India 2018* 76±5 27 Normal, 19 50 193 Glucose, 2h Standard Capillary,"
138,2087 Rice idli (commercially available dry mix) India 2018*,85,"2087 Rice idli (commercially available dry mix) India 2018* 85±4 30 Normal, 19 50 162 Glucose, 2h Standard Capillary,"
138,India 2018*,85,"India 2018* 85±8 30 Normal, 16 50 174.2 Glucose, 2h Standard Capillary,"
138,2089 Finger millet flakes in the form of upma India 2018*,82,"2089 Finger millet flakes in the form of upma India 2018* 82±7 29 Normal, 16 50 217.4 Glucose, 2h Standard Capillary,"
138,2090 Finger millet vermicelli in the form of upma India 2018*,66,"2090 Finger millet vermicelli in the form of upma India 2018* 66±6 23 Normal, 16 50 245.1 Glucose, 2h Standard Capillary,"
138,2091 Upma India 2018*,71,"2091 Upma India 2018* 71±6 25 Normal, 19 50 310 Glucose, 2h Standard Capillary,"
